DROP TABLE IF EXISTS `tk_exam`;
CREATE TABLE `tk_exam` (
  `id` varchar(64) CHARACTER SET utf8mb4 COLLATE utf8mb4_general_ci NOT NULL COMMENT 'ID',
  `title` varchar(255) CHARACTER SET utf8mb4 COLLATE utf8mb4_general_ci NOT NULL COMMENT '考试名称',
  `content` varchar(255) CHARACTER SET utf8mb4 COLLATE utf8mb4_general_ci NOT NULL DEFAULT '' COMMENT '考试描述',
  `open_type` int NOT NULL DEFAULT '1' COMMENT '1公开2部门3定员',
  `state` int NOT NULL DEFAULT '0' COMMENT '考试状态',
  `time_limit` tinyint NOT NULL DEFAULT '0' COMMENT '是否限时',
  `start_time` datetime DEFAULT NULL COMMENT '开始时间',
  `end_time` datetime DEFAULT NULL COMMENT '结束时间',
  `create_time` datetime DEFAULT NULL COMMENT '创建时间',
  `update_time` datetime DEFAULT NULL COMMENT '更新时间',
  `total_score` int NOT NULL DEFAULT '0' COMMENT '总分数',
  `total_time` int NOT NULL DEFAULT '0' COMMENT '总时长（分钟）',
  `qualify_score` int NOT NULL DEFAULT '0' COMMENT '及格分数',
  PRIMARY KEY (`id`) USING BTREE,
  KEY `open_type` (`open_type`)
) ENGINE=InnoDB DEFAULT CHARSET=utf8mb4 COLLATE=utf8mb4_general_ci COMMENT='考试主表';
insert  into `tk_exam`(`id`,`title`,`content`,`open_type`,`state`,`time_limit`,`start_time`,`end_time`,`create_time`,`update_time`,`total_score`,`total_time`,`qualify_score`) values ('1735271687257673730','金蝶初级技术认证考试','金蝶初级技术认证考试',1,0,0,NULL,NULL,'2023-12-14 20:13:05','2023-12-14 20:13:05',157,120,100);


DROP TABLE IF EXISTS `tk_exam_depart`;
CREATE TABLE `tk_exam_depart` (
  `id` varchar(32) CHARACTER SET utf8mb4 COLLATE utf8mb4_general_ci NOT NULL DEFAULT '' COMMENT 'ID',
  `exam_id` varchar(32) CHARACTER SET utf8mb4 COLLATE utf8mb4_general_ci NOT NULL DEFAULT '' COMMENT '考试ID',
  `depart_id` varchar(32) CHARACTER SET utf8mb4 COLLATE utf8mb4_general_ci NOT NULL DEFAULT '' COMMENT '部门ID',
  PRIMARY KEY (`id`) USING BTREE,
  KEY `exam_id` (`exam_id`),
  KEY `depart_id` (`depart_id`)
) ENGINE=InnoDB DEFAULT CHARSET=utf8mb4 COLLATE=utf8mb4_general_ci COMMENT='考试部门';


DROP TABLE IF EXISTS `tk_exam_repo`;
CREATE TABLE `tk_exam_repo` (
  `id` varchar(64) CHARACTER SET utf8mb4 COLLATE utf8mb4_general_ci NOT NULL COMMENT 'ID',
  `exam_id` varchar(64) CHARACTER SET utf8mb4 COLLATE utf8mb4_general_ci NOT NULL COMMENT '考试ID',
  `repo_id` varchar(64) CHARACTER SET utf8mb4 COLLATE utf8mb4_general_ci NOT NULL COMMENT '题库ID',
  `radio_count` int NOT NULL DEFAULT '0' COMMENT '单选题数量',
  `radio_score` int NOT NULL DEFAULT '0' COMMENT '单选题分数',
  `multi_count` int NOT NULL DEFAULT '0' COMMENT '多选题数量',
  `multi_score` int NOT NULL DEFAULT '0' COMMENT '多选题分数',
  `judge_count` int NOT NULL DEFAULT '0' COMMENT '判断题数量',
  `judge_score` int NOT NULL DEFAULT '0' COMMENT '判断题分数',
  `saq_count` int NOT NULL DEFAULT '0' COMMENT '简答题数量',
  `saq_score` int NOT NULL DEFAULT '0' COMMENT '简答题分数',
  PRIMARY KEY (`id`) USING BTREE,
  UNIQUE KEY `exam_repo_id` (`exam_id`,`repo_id`),
  KEY `rule_id` (`exam_id`) USING BTREE,
  KEY `repo_id` (`repo_id`) USING BTREE
) ENGINE=InnoDB DEFAULT CHARSET=utf8mb4 COLLATE=utf8mb4_general_ci COMMENT='考试题库';
insert  into `tk_exam_repo`(`id`,`exam_id`,`repo_id`,`radio_count`,`radio_score`,`multi_count`,`multi_score`,`judge_count`,`judge_score`,`saq_count`,`saq_score`) values ('1587998495732772865','1587621704140427265','1587622451624120321',5,10,3,10,2,10,0,0),('1736023786178301954','1735271687257673730','1735268449095602177',62,1,28,2,39,1,0,0);


DROP TABLE IF EXISTS `tk_paper`;
CREATE TABLE `tk_paper` (
  `id` varchar(64) CHARACTER SET utf8mb4 COLLATE utf8mb4_general_ci NOT NULL COMMENT '试卷ID',
  `user_id` varchar(64) CHARACTER SET utf8mb4 COLLATE utf8mb4_general_ci NOT NULL COMMENT '用户ID',
  `depart_id` varchar(32) CHARACTER SET utf8mb4 COLLATE utf8mb4_general_ci NOT NULL DEFAULT '' COMMENT '部门ID',
  `exam_id` varchar(64) CHARACTER SET utf8mb4 COLLATE utf8mb4_general_ci NOT NULL COMMENT '规则ID',
  `title` varchar(64) CHARACTER SET utf8mb4 COLLATE utf8mb4_general_ci NOT NULL COMMENT '考试标题',
  `total_time` int NOT NULL DEFAULT '0' COMMENT '考试时长',
  `user_time` int NOT NULL DEFAULT '0' COMMENT '用户时长',
  `total_score` int NOT NULL DEFAULT '0' COMMENT '试卷总分',
  `qualify_score` int NOT NULL DEFAULT '0' COMMENT '及格分',
  `obj_score` int NOT NULL DEFAULT '0' COMMENT '客观分',
  `subj_score` int NOT NULL DEFAULT '0' COMMENT '主观分',
  `user_score` int NOT NULL COMMENT '用户得分',
  `has_saq` tinyint NOT NULL DEFAULT '0' COMMENT '是否包含简答题',
  `state` int NOT NULL DEFAULT '1' COMMENT '试卷状态',
  `create_time` datetime DEFAULT NULL COMMENT '创建时间',
  `update_time` datetime DEFAULT NULL COMMENT '更新时间',
  `limit_time` datetime DEFAULT NULL COMMENT '截止时间',
  PRIMARY KEY (`id`) USING BTREE,
  KEY `user_id` (`user_id`) USING BTREE,
  KEY `exam_id` (`exam_id`) USING BTREE
) ENGINE=InnoDB DEFAULT CHARSET=utf8mb4 COLLATE=utf8mb4_general_ci COMMENT='考试记录';
insert  into `tk_paper`(`id`,`user_id`,`depart_id`,`exam_id`,`title`,`total_time`,`user_time`,`total_score`,`qualify_score`,`obj_score`,`subj_score`,`user_score`,`has_saq`,`state`,`create_time`,`update_time`,`limit_time`) values ('1735271720443006977','10001','1318103313740320770','1735271687257673730','金蝶初级技术认证考试',10,1,10,6,4,0,4,0,2,'2023-12-14 20:13:13','2023-12-14 20:14:32','2023-12-14 20:23:13'),('1736019227708051458','10001','1318103313740320770','1735271687257673730','金蝶初级技术认证考试',120,0,159,100,0,0,0,0,0,'2023-12-16 21:43:32','2023-12-16 21:43:32','2023-12-16 23:43:32');


DROP TABLE IF EXISTS `tk_paper_qu`;
CREATE TABLE `tk_paper_qu` (
  `id` varchar(64) CHARACTER SET utf8mb4 COLLATE utf8mb4_general_ci NOT NULL COMMENT 'ID',
  `paper_id` varchar(64) CHARACTER SET utf8mb4 COLLATE utf8mb4_general_ci NOT NULL COMMENT '试卷ID',
  `qu_id` varchar(64) CHARACTER SET utf8mb4 COLLATE utf8mb4_general_ci NOT NULL COMMENT '题目ID',
  `qu_type` int NOT NULL COMMENT '题目类型',
  `answered` tinyint NOT NULL DEFAULT '0' COMMENT '是否已答',
  `answer` varchar(5000) CHARACTER SET utf8mb4 COLLATE utf8mb4_general_ci NOT NULL DEFAULT '' COMMENT '主观答案',
  `sort` int NOT NULL DEFAULT '0' COMMENT '问题排序',
  `score` int NOT NULL DEFAULT '0' COMMENT '单题分分值',
  `actual_score` int NOT NULL DEFAULT '0' COMMENT '实际得分(主观题)',
  `is_right` tinyint NOT NULL DEFAULT '0' COMMENT '是否答对',
  PRIMARY KEY (`id`) USING BTREE,
  KEY `paper_id` (`paper_id`) USING BTREE,
  KEY `qu_id` (`qu_id`) USING BTREE,
  KEY `paper_qu_id` (`paper_id`,`qu_id`) USING BTREE,
  KEY `sort` (`sort`) USING BTREE
) ENGINE=InnoDB DEFAULT CHARSET=utf8mb4 COLLATE=utf8mb4_general_ci COMMENT='考试记录考题';
insert  into `tk_paper_qu`(`id`,`paper_id`,`qu_id`,`qu_type`,`answered`,`answer`,`sort`,`score`,`actual_score`,`is_right`) values ('1735271720711442433','1735271720443006977','1735270136799645698',1,1,'',0,2,2,0),('1735271720916963329','1735271720443006977','1735271400753156098',1,1,'',1,2,2,0),('1735271721055375362','1735271720443006977','1735270342681251842',1,1,'',2,2,2,1),('1735271721185398785','1735271720443006977','1735270600760971265',1,1,'',3,2,2,1),('1735271721378336769','1735271720443006977','1735269533222522881',1,1,'',4,2,2,0),('1736019227972292610','1736019227708051458','1736017674389508097',1,1,'',0,1,1,1),('1736019228110704641','1736019227708051458','1735281516126752769',1,1,'',1,1,1,1),('1736019228173619202','1736019227708051458','1735273409740886018',1,1,'',2,1,1,0),('1736019228307836929','1736019227708051458','1736018151080546306',1,1,'',3,1,1,1),('1736019228374945793','1736019227708051458','1735280594021601282',1,1,'',4,1,1,0),('1736019228572078082','1736019227708051458','1735484877526618113',1,1,'',5,1,1,1),('1736019228634992642','1736019227708051458','1735484291116781570',1,1,'',6,1,1,1),('1736019228769210369','1736019227708051458','1735485541757571074',1,1,'',7,1,1,1),('1736019228899233794','1736019227708051458','1735277294350061569',1,1,'',8,1,1,1),('1736019228962148353','1736019227708051458','1735495499874127874',1,1,'',9,1,1,1),('1736019229092171777','1736019227708051458','1735280119662596097',1,1,'',10,1,1,1),('1736019229230583809','1736019227708051458','1735270600760971265',1,1,'',11,1,1,1),('1736019229297692674','1736019227708051458','1735487493086203905',1,1,'',12,1,1,1),('1736019229431910402','1736019227708051458','1735494907164446722',1,1,'',13,1,1,1),('1736019229561933826','1736019227708051458','1735270342681251842',1,1,'',14,1,1,1),('1736019229691957249','1736019227708051458','1735271400753156098',1,0,'',15,1,1,0),('1736019229821980674','1736019227708051458','1735278276169519105',1,0,'',16,1,1,0),('1736019229889089537','1736019227708051458','1735270136799645698',1,0,'',17,1,1,0),('1736019230019112961','1736019227708051458','1735278445778784258',1,0,'',18,1,1,0),('1736019230149136385','1736019227708051458','1735276592617836546',1,0,'',19,1,1,0),('1736019230216245249','1736019227708051458','1736016964906209281',1,0,'',20,1,1,0),('1736019230346268674','1736019227708051458','1735604635517407233',1,0,'',21,1,1,0),('1736019230472097794','1736019227708051458','1735495718351228929',1,0,'',22,1,1,0),('1736019230606315522','1736019227708051458','1736016744881410049',1,0,'',23,1,1,0),('1736019230740533249','1736019227708051458','1736018975064150018',1,0,'',24,1,1,0),('1736019230803447810','1736019227708051458','1735273930736357378',1,0,'',25,1,1,0),('1736019230937665537','1736019227708051458','1735274899272454146',1,0,'',26,1,1,0),('1736019231143186433','1736019227708051458','1735273647176241154',1,0,'',27,1,1,0),('1736019231273209858','1736019227708051458','1735273226172977154',1,0,'',28,1,1,0),('1736019231407427586','1736019227708051458','1735276031021502465',1,0,'',29,1,1,0),('1736019231470342145','1736019227708051458','1735281703322734593',1,0,'',30,1,1,0),('1736019231604559874','1736019227708051458','1736017135085899778',1,0,'',31,1,1,0),('1736019231742971906','1736019227708051458','1735276238899597313',1,0,'',32,1,1,0),('1736019231810080769','1736019227708051458','1735277571228651522',1,0,'',33,1,1,0),('1736019231944298497','1736019227708051458','1735277948447576065',1,0,'',34,1,1,0),('1736019232078516226','1736019227708051458','1735274170772180993',1,0,'',35,1,1,0),('1736019232137236481','1736019227708051458','1735275575448784897',1,0,'',36,1,1,0),('1736019232267259906','1736019227708051458','1735599980175511554',1,0,'',37,1,1,0),('1736019232405671938','1736019227708051458','1735277009867198465',1,0,'',38,1,1,0),('1736019232539889665','1736019227708051458','1735489155188215810',1,0,'',39,1,1,0),('1736019232611192834','1736019227708051458','1735494477831294978',1,0,'',40,1,1,0),('1736019232808325122','1736019227708051458','1735275794924130306',1,0,'',41,1,1,0),('1736019232942542849','1736019227708051458','1735276780166139906',1,0,'',42,1,1,0),('1736019233076760578','1736019227708051458','1735269533222522881',1,0,'',43,1,1,0),('1736019233139675137','1736019227708051458','1735494323329912833',1,0,'',44,1,1,0),('1736019233273892865','1736019227708051458','1735602313752039425',1,0,'',45,1,1,0),('1736019233408110594','1736019227708051458','1735495272161169410',1,0,'',46,1,1,0),('1736019233475219458','1736019227708051458','1735279369322582017',1,0,'',47,1,1,0),('1736019233601048577','1736019227708051458','1736017422047596545',1,0,'',48,1,1,0),('1736019233735266305','1736019227708051458','1735282005757218817',1,0,'',49,1,1,0),('1736019233802375170','1736019227708051458','1736018781731901442',1,0,'',50,1,1,0),('1736019233936592898','1736019227708051458','1736018404831744001',1,0,'',51,1,1,0),('1736019234070810625','1736019227708051458','1736017947577110529',1,0,'',52,1,1,0),('1736019234137919490','1736019227708051458','1735275119733460994',1,0,'',53,1,1,0),('1736019234263748610','1736019227708051458','1735602456798777346',1,0,'',54,1,1,0),('1736019234402160642','1736019227708051458','1735280778256404481',1,0,'',55,1,1,0),('1736019234536378370','1736019227708051458','1735495044863447042',1,0,'',56,1,1,0),('1736019234603487233','1736019227708051458','1735279615213654018',1,0,'',57,1,1,0),('1736019234733510657','1736019227708051458','1735274576441069570',1,0,'',58,1,1,0),('1736019234867728386','1736019227708051458','1735604791369355265',1,0,'',59,1,1,0),('1736019234934837250','1736019227708051458','1735600754251091969',1,0,'',60,1,1,0),('1736019235064860674','1736019227708051458','1735603421148958722',1,0,'',61,1,1,0),('1736019235203272706','1736019227708051458','1735600533622312961',1,0,'',62,1,1,0),('1736019235270381569','1736019227708051458','1735600273307029505',1,0,'',63,1,1,0),('1736019235408793601','1736019227708051458','1736011499572908034',2,0,'',64,2,2,0),('1736019235543011330','1736019227708051458','1735283536577515521',2,0,'',65,2,2,0),('1736019235610120193','1736019227708051458','1735473762189004802',2,0,'',66,2,2,0),('1736019235740143617','1736019227708051458','1735607044792733697',2,0,'',67,2,2,0),('1736019235870167042','1736019227708051458','1735473966673907713',2,0,'',68,2,2,0),('1736019235937275906','1736019227708051458','1736013344362024961',2,0,'',69,2,2,0),('1736019236071493633','1736019227708051458','1735282941514829825',2,0,'',70,2,2,0),('1736019236205711362','1736019227708051458','1735605630410510337',2,0,'',71,2,2,0),('1736019236268625922','1736019227708051458','1735488983792177153',2,0,'',72,2,2,0),('1736019236407037953','1736019227708051458','1735283745067978754',2,0,'',73,2,2,0),('1736019236532867073','1736019227708051458','1735473528784375810',2,0,'',74,2,2,0),('1736019236667084801','1736019227708051458','1736011269523722242',2,0,'',75,2,2,0),('1736019236738387970','1736019227708051458','1735473110918451201',2,0,'',76,2,2,0),('1736019236868411393','1736019227708051458','1735472898153992193',2,0,'',77,2,2,0),('1736019236998434817','1736019227708051458','1736012602448367617',2,0,'',78,2,2,0),('1736019237065543681','1736019227708051458','1735606498182647810',2,0,'',79,2,2,0),('1736019237195567106','1736019227708051458','1735474153299464194',2,0,'',80,2,2,0),('1736019237329784834','1736019227708051458','1735484509669380097',2,0,'',81,2,2,0),('1736019237396893697','1736019227708051458','1735604984194093058',2,0,'',82,2,2,0),('1736019237531111426','1736019227708051458','1735282695556648962',2,0,'',83,2,2,0),('1736019237602414593','1736019227708051458','1736010973640740865',2,0,'',84,2,2,0),('1736019237732438017','1736019227708051458','1735282282623225858',2,0,'',85,2,2,0),('1736019237870850050','1736019227708051458','1735282490723618817',2,0,'',86,2,2,0),('1736019237937958914','1736019227708051458','1735607415099445249',2,0,'',87,2,2,0),('1736019238072176641','1736019227708051458','1736013833187184642',2,0,'',88,2,2,0),('1736019238206394370','1736019227708051458','1735283135312646146',2,0,'',89,2,2,0),('1736019238340612097','1736019227708051458','1735473315839561730',2,0,'',90,2,2,0),('1736019238407720961','1736019227708051458','1736013087037280257',2,0,'',91,2,2,0),('1736019238734876674','1736019227708051458','1735482549952139265',3,0,'',92,1,1,0),('1736019238797791234','1736019227708051458','1735484631144812546',3,0,'',93,1,1,0),('1736019238927814657','1736019227708051458','1735482796946313217',3,0,'',94,1,1,0),('1736019239062032385','1736019227708051458','1736014693946445826',3,0,'',95,1,1,0),('1736019239124946945','1736019227708051458','1735484995483029506',3,0,'',96,1,1,0),('1736019239259164674','1736019227708051458','1735481224401080322',3,0,'',97,1,1,0),('1736019239393382401','1736019227708051458','1736014536030900226',3,0,'',98,1,1,0),('1736019239460491266','1736019227708051458','1735481916268302338',3,0,'',99,1,1,0),('1736019239590514690','1736019227708051458','1735481797435281409',3,0,'',100,1,1,0),('1736019239724732418','1736019227708051458','1735482060653023233',3,0,'',101,1,1,0),('1736019239787646978','1736019227708051458','1736014140730331138',3,0,'',102,1,1,0),('1736019239921864706','1736019227708051458','1735484700384382977',3,0,'',103,1,1,0),('1736019240056082433','1736019227708051458','1735483740035567618',3,0,'',104,1,1,0),('1736019240123191298','1736019227708051458','1735483584384946178',3,0,'',105,1,1,0),('1736019240257409025','1736019227708051458','1735482617954390017',3,0,'',106,1,1,0),('1736019240391626753','1736019227708051458','1735474551808675842',3,0,'',107,1,1,0),('1736019240454541313','1736019227708051458','1736014234250727426',3,0,'',108,1,1,0),('1736019240588759042','1736019227708051458','1735483513148887041',3,0,'',109,1,1,0),('1736019240722976770','1736019227708051458','1736014443051569154',3,0,'',110,1,1,0),('1736019240857194498','1736019227708051458','1735481986573225986',3,0,'',111,1,1,0),('1736019240983023617','1736019227708051458','1736015524808708097',3,0,'',112,1,1,0),('1736019241050132482','1736019227708051458','1736015712298291202',3,0,'',113,1,1,0),('1736019241180155906','1736019227708051458','1736015110482776065',3,0,'',114,1,1,0),('1736019241314373633','1736019227708051458','1736014761655095297',3,0,'',115,1,1,0),('1736019241452785665','1736019227708051458','1735482688406114306',3,0,'',116,1,1,0),('1736019241519894529','1736019227708051458','1735483668405243906',3,0,'',117,1,1,0),('1736019241654112258','1736019227708051458','1735481440722309121',3,0,'',118,1,1,0),('1736019241788329985','1736019227708051458','1736014838427635714',3,0,'',119,1,1,0),('1736019241918353410','1736019227708051458','1736015588461465601',3,0,'',120,1,1,0),('1736019241985462273','1736019227708051458','1736014620571291650',3,0,'',121,1,1,0),('1736019242119680002','1736019227708051458','1736015832767090689',3,0,'',122,1,1,0),('1736019242258092033','1736019227708051458','1735481361697427458',3,0,'',123,1,1,0),('1736019242388115458','1736019227708051458','1735474437711024130',3,0,'',124,1,1,0),('1736019242455224321','1736019227708051458','1736014958145654786',3,0,'',125,1,1,0),('1736019242585247745','1736019227708051458','1736014345961820162',3,0,'',126,1,1,0),('1736019242715271170','1736019227708051458','1735481537367461890',3,0,'',127,1,1,0),('1736019242782380034','1736019227708051458','1735482131901665281',3,0,'',128,1,1,0),('1736019242916597761','1736019227708051458','1736014063190233089',3,0,'',129,1,1,0),('1736019243046621186','1736019227708051458','1735483814408966146',3,0,'',130,1,1,0);


DROP TABLE IF EXISTS `tk_paper_qu_answer`;
CREATE TABLE `tk_paper_qu_answer` (
  `id` varchar(64) CHARACTER SET utf8mb4 COLLATE utf8mb4_general_ci NOT NULL COMMENT '自增ID',
  `paper_id` varchar(64) CHARACTER SET utf8mb4 COLLATE utf8mb4_general_ci NOT NULL COMMENT '试卷ID',
  `answer_id` varchar(32) CHARACTER SET utf8mb4 COLLATE utf8mb4_general_ci NOT NULL COMMENT '回答项ID',
  `qu_id` varchar(32) CHARACTER SET utf8mb4 COLLATE utf8mb4_general_ci NOT NULL COMMENT '题目ID',
  `is_right` tinyint NOT NULL DEFAULT '0' COMMENT '是否正确项',
  `checked` tinyint NOT NULL DEFAULT '0' COMMENT '是否选中',
  `sort` int NOT NULL DEFAULT '0' COMMENT '排序',
  `abc` varchar(64) CHARACTER SET utf8mb4 COLLATE utf8mb4_general_ci NOT NULL DEFAULT '' COMMENT '选项标签',
  PRIMARY KEY (`id`) USING BTREE,
  KEY `paper_id` (`paper_id`) USING BTREE,
  KEY `qu_id` (`qu_id`) USING BTREE,
  KEY `paper_qu_id` (`paper_id`,`qu_id`) USING BTREE,
  KEY `sort` (`sort`) USING BTREE
) ENGINE=InnoDB DEFAULT CHARSET=utf8mb4 COLLATE=utf8mb4_general_ci COMMENT='考试记录答案';

insert  into `tk_paper_qu_answer`(`id`,`paper_id`,`answer_id`,`qu_id`,`is_right`,`checked`,`sort`,`abc`) values ('0025b7ee-3e6c-4070-b649-958df4ea5a98','1736019227708051458','1735484878059294724','1735484877526618113',0,0,3,'D'),('00b1d217-53b6-43f8-bd20-01c80c99b1bb','1736019227708051458','1735280120061054980','1735280119662596097',0,0,1,'B'),('01b3df07-117e-4294-bf42-e77e3d3201c4','1736019227708051458','1736013087498653698','1736013087037280257',1,0,1,'B'),('01e4f2b0-5495-4b37-85ed-bca2abe12658','1736019227708051458','1735495272622542851','1735495272161169410',0,0,1,'B'),('01e794e7-77c7-4e85-a7c5-27184712e735','1736019227708051458','1735482135668150275','1735482131901665281',0,0,0,'A'),('02687bf4-0395-4a67-8235-543eb2ca047c','1736019227708051458','1735599980771102723','1735599980175511554',0,0,2,'C'),('02eb6152-36e6-41a2-a80f-43fbcadfaddb','1736019227708051458','1735484878059294722','1735484877526618113',0,0,1,'B'),('02f8871b-069d-401e-a294-621486bcd75d','1736019227708051458','1736018975529717762','1736018975064150018',0,0,3,'D'),('033855f3-3264-4529-9a87-675446fdbe7c','1736019227708051458','1735282283084599299','1735282282623225858',0,0,3,'D'),('039d4d1c-8a08-4d55-ae31-fe9afe43dc6f','1736019227708051458','1735283537038888962','1735283536577515521',1,0,3,'D'),('040e3bae-f5a5-4c9a-9b0f-a7bd7c40458e','1736019227708051458','1735604791830728708','1735604791369355265',1,0,2,'C'),('0497b1c0-5778-4dcb-8909-6108f5ca5bb7','1736019227708051458','1735481224870842371','1735481224401080322',0,0,1,'B'),('05645bb9-b72c-42e6-aa4f-775fe397600a','1736019227708051458','1735603421614526466','1735603421148958722',1,0,2,'C'),('05a2d25a-e75d-47bd-a20a-2a2bcf33f155','1736019227708051458','1735473111321104389','1735473110918451201',0,0,2,'C'),('05fbad89-8a2c-420a-b27c-ff1e0655c4b3','1736019227708051458','1735278446303072261','1735278445778784258',0,0,0,'A'),('0635952e-a66d-4cf0-9779-fee2dd87b0ca','1736019227708051458','1735602457268539396','1735602456798777346',0,0,1,'B'),('06c20125-b9f0-476a-a903-e6254c7e2966','1736019227708051458','1735280778709389316','1735280778256404481',1,0,2,'C'),('07a5f4b2-6e36-429b-953b-31b18a075cce','1736019227708051458','1735280778709389315','1735280778256404481',0,0,1,'B'),('07dc64e0-efa0-4b43-8a64-71b3ecaa6730','1736019227708051458','1735483814815813633','1735483814408966146',1,0,1,'B'),('084fee72-b306-4315-82f5-ecc335e608b2','1736019227708051458','1736011499975561220','1736011499572908034',1,0,2,'C'),('08735008-aa2a-46c1-8f6f-ce51bd0bed21','1736019227708051458','1735277294756909061','1735277294350061569',0,0,2,'C'),('09f51a59-e698-4c68-9501-e42804e46ac1','1736019227708051458','1736010974039199747','1736010973640740865',1,0,2,'C'),('0bc5b815-beae-4c48-b478-6004ba5ba224','1736019227708051458','1735276031487070211','1735276031021502465',0,0,0,'A'),('0be1e25c-5000-4bd8-883f-06579bfff99b','1736019227708051458','1735270601226539009','1735270600760971265',0,0,2,'C'),('0be33a35-0a9a-4dd2-9e68-9fbeab1d1a84','1736019227708051458','1735282006298284034','1735282005757218817',0,0,2,'C'),('0c8085e8-d138-442c-90d5-5f797fae5886','1736019227708051458','1735270343088099330','1735270342681251842',0,0,2,'C'),('0f8c2b4d-d2d1-44a7-8c74-6a5227dae299','1736019227708051458','1735604984722575362','1735604984194093058',1,0,2,'C'),('1048bfcc-087a-4644-a5f3-492a695f8a4a','1736019227708051458','1735282006298284035','1735282005757218817',0,0,0,'A'),('1059a598-0232-419a-ad72-779fda5421b0','1736019227708051458','1735483740438220801','1735483740035567618',1,0,0,'A'),('1107363a-f018-45f5-8e25-1f0c040482ec','1736019227708051458','1735283745466437635','1735283745067978754',0,0,0,'A'),('11de8677-5ffc-4eaf-abb2-689d093cec0c','1736019227708051458','1735495272622542849','1735495272161169410',0,0,2,'C'),('126ec38c-6800-42cc-80e8-1476a424c8a2','1736019227708051458','1735273410206453764','1735273409740886018',0,0,0,'A'),('1458b8e1-237d-438d-85a3-9b7735568be7','1736019227708051458','1735473529249943555','1735473528784375810',1,0,3,'D'),('1466d564-e4b8-473c-a754-6d86ebc580e6','1736019227708051458','1735600754653745153','1735600754251091969',0,0,1,'B'),('1575af31-19d8-4297-bd95-b6820113a05e','1736019227708051458','1735494323782897666','1735494323329912833',0,0,0,'A'),('15b8a547-2856-45c9-bbe0-715421e7666d','1736019227708051458','1735483584850513922','1735483584384946178',1,0,0,'A'),('161c29eb-37df-4bb1-ae04-6002ae2760e5','1736019227708051458','1735276593016295428','1735276592617836546',0,0,2,'C'),('176f99d9-11cd-482a-b117-5fb464871fef','1736019227708051458','1735600534087880705','1735600533622312961',0,0,2,'C'),('1885ee8b-e8c0-4d27-b1da-e2512c2a6363','1736019227708051458','1735283135774019588','1735283135312646146',0,0,2,'C'),('18d69012-9726-4fab-b2bd-9d09bceaac69','1736019227708051458','1736014234649186306','1736014234250727426',0,0,1,'B'),('19d0721b-af5a-46aa-8f68-f569d902f4db','1736019227708051458','1736018975529717764','1736018975064150018',0,0,0,'A'),('19eeb880-93ae-481c-af20-76caade7e097','1736019227708051458','1735494478296862721','1735494477831294978',0,0,3,'D'),('1a653b1a-c003-4448-8828-edf8d82cb5e4','1736019227708051458','1735474153702117380','1735474153299464194',0,0,0,'A'),('1a839d52-92f2-4319-88aa-c2f7bb0f1d97','1736019227708051458','1736018151546114052','1736018151080546306',0,0,0,'A'),('1b1a2c70-1aeb-4dc5-b7ac-decb0f4da4bb','1736019227708051458','1735282491193380869','1735282490723618817',1,0,3,'D'),('1cdcaaec-3c56-4eb2-8884-631cab5ace1a','1736019227708051458','1735495272622542850','1735495272161169410',0,0,0,'A'),('1d443d25-1d4b-4058-ac13-21ba9d1c3592','1736019227708051458','1735282491193380868','1735282490723618817',1,0,1,'B'),('1d838960-9fdb-46a9-95a9-ce42176959ca','1736019227708051458','1735604635982974977','1735604635517407233',1,0,1,'B'),('1db967cc-b1de-4496-9d70-2ef457ccc3b7','1736019227708051458','1735602314213412866','1735602313752039425',1,0,1,'B'),('1eca8501-4ed4-4021-9182-b7d02997a06b','1736019227708051458','1735279615750524930','1735279615213654018',0,0,0,'A'),('21c669ed-40eb-4f19-94d5-d969c50bb539','1736019227708051458','1736015525261692930','1736015524808708097',0,0,1,'B'),('2328f657-9f0e-4095-aa87-eb5c35968932','1735271720443006977','1735270137273602050','1735270136799645698',0,0,0,'A'),('254948f7-055d-4b7c-ba53-e52b77f8f0af','1736019227708051458','1735274899742216194','1735274899272454146',0,0,3,'D'),('260d8c5b-307d-4c19-bacf-317f6a27bde5','1736019227708051458','1735603421614526469','1735603421148958722',0,0,3,'D'),('280c4014-b0e5-4c7a-abd0-2915098ba870','1736019227708051458','1736017135488552964','1736017135085899778',1,0,1,'B'),('28749e4e-acbb-4ff1-a2da-c6a8269daf8f','1736019227708051458','1735282491193380867','1735282490723618817',0,0,2,'C'),('28d9cc2b-b6f8-44a8-9dae-3f4471630906','1735271720443006977','1735271401214529537','1735271400753156098',1,0,0,'A'),('2933f5a8-7b69-412a-b11a-6ad10b6b7fb2','1736019227708051458','1735277571752939524','1735277571228651522',0,0,0,'A'),('29de005f-ce53-40b6-b9b5-f0a8e2764950','1736019227708051458','1736016745472806917','1736016744881410049',0,0,0,'A'),('2a995820-f46c-4ad3-bac0-9d64c4a6f43a','1736019227708051458','1735278276639281153','1735278276169519105',0,0,1,'B'),('2b857c0c-ad16-4d34-86cb-15c4a736fa04','1736019227708051458','1735474552207134722','1735474551808675842',1,0,1,'B'),('2b8d11a2-84dd-49aa-9e97-e02ddcde88a3','1736019227708051458','1735274171166445572','1735274170772180993',0,0,2,'C'),('2bc6b0d2-8e45-43bb-a82a-d866a7567666','1736019227708051458','1735606498644021251','1735606498182647810',0,0,3,'D'),('2c6793f8-bd86-4639-aafb-68a568d80722','1736019227708051458','1735473111321104388','1735473110918451201',1,0,3,'D'),('2c76a624-05f8-47d6-9aea-2d0636d24926','1736019227708051458','1735494323782897665','1735494323329912833',0,0,1,'B'),('2e97a2e8-a771-4f28-a289-d1f07ec970df','1736019227708051458','1735280778709389314','1735280778256404481',0,0,0,'A'),('2f15e28f-61d0-4dbf-9297-c7296539fc45','1736019227708051458','1735494907625820163','1735494907164446722',0,0,2,'C'),('2f257bbb-7ce8-4db3-9885-b9afa9237d9a','1736019227708051458','1735488984253550595','1735488983792177153',1,0,1,'B'),('2f754ed4-dd12-4084-b269-96f61ff3cc18','1736019227708051458','1736018405234397187','1736018404831744001',0,0,3,'D'),('2fd448de-1d5e-472e-9672-dc249abc51fd','1736019227708051458','1735282941913288706','1735282941514829825',0,0,1,'B'),('310db26a-1932-4d33-8e2d-2a071ce8643f','1736019227708051458','1735495045324820484','1735495044863447042',0,0,0,'A'),('3199822a-c64c-4121-bf12-a996f3faf17a','1736019227708051458','1735495045324820482','1735495044863447042',0,0,1,'B'),('328642ae-f2f2-4d9d-900c-5874cd060c3e','1736019227708051458','1735282696030605316','1735282695556648962',1,0,3,'D'),('33016355-2fce-41d1-a431-b1f603c9a920','1736019227708051458','1735603421614526468','1735603421148958722',0,0,0,'A'),('33698fea-60d7-4e9d-85b6-be83b086b4e0','1736019227708051458','1735269533696479236','1735269533222522881',1,0,1,'B'),('33f28d08-425e-4ef5-b09f-f0d9db65d07a','1736019227708051458','1735283537038888964','1735283536577515521',0,0,1,'B'),('373ca405-d516-4cad-b57b-e96b2487efb9','1736019227708051458','1735277571752939525','1735277571228651522',0,0,3,'D'),('378d15dd-3a59-49bf-8266-830c4e92cb11','1736019227708051458','1736018405234397185','1736018404831744001',0,0,0,'A'),('37efe427-0b11-4ce1-a230-54bc428f72b8','1736019227708051458','1735473316238020611','1735473315839561730',1,0,0,'A'),('3808ceaf-e3c3-4216-b050-1cd4a0fc34ff','1736019227708051458','1736014234649186307','1736014234250727426',1,0,0,'A'),('3871a7a9-e553-4c4d-a203-c98c91989157','1736019227708051458','1735274576910831620','1735274576441069570',0,0,0,'A'),('38a16971-8735-4659-a891-1127442389ab','1736019227708051458','1735487493547577346','1735487493086203905',1,1,1,'B'),('3938369b-4bf0-4627-ac13-cf924465b00d','1736019227708051458','1735484291519434755','1735484291116781570',0,0,0,'A'),('39bffafd-42a3-4f88-b859-6c9e1fab95cb','1736019227708051458','1735473762650378242','1735473762189004802',1,0,1,'B'),('3a0c89fc-b552-42f1-87c6-900c0e45ac09','1736019227708051458','1735605630871883778','1735605630410510337',1,0,3,'D'),('3a7275f2-b86f-49bc-ae50-3b400e3e902d','1736019227708051458','1735473316238020612','1735473315839561730',1,0,2,'C'),('3ac51bc9-6312-49f2-8de3-83e11535c9d9','1736019227708051458','1735600534087880706','1735600533622312961',1,0,1,'B'),('3b9066a8-0f6b-42c1-9658-84f95cfb368e','1736019227708051458','1736017135488552961','1736017135085899778',0,0,2,'C'),('3bac12ae-96d7-4a9b-acc2-085af62698d0','1736019227708051458','1736011269917986821','1736011269523722242',1,0,3,'D'),('3bbbbbe9-7def-40f9-861e-6eb28fb6e960','1736019227708051458','1736013833652752388','1736013833187184642',1,0,3,'D'),('3bbf39be-ba62-4234-b26a-80349732742d','1736019227708051458','1735607415632121857','1735607415099445249',0,0,0,'A'),('3c1ce13e-f037-4b45-9e42-167b8c1ac1ea','1736019227708051458','1736010974039199746','1736010973640740865',1,0,1,'B'),('3c21274f-f527-434c-8305-5ccae802d506','1736019227708051458','1735485542151835650','1735485541757571074',0,0,3,'D'),('3cde641a-4b0a-4e21-adc5-235dd75451f1','1736019227708051458','1736012602905546755','1736012602448367617',0,0,3,'D'),('3de812cd-b167-44e5-89dd-6b3edee98f8c','1736019227708051458','1735277571752939522','1735277571228651522',0,0,1,'B'),('3e84644d-3863-444f-9aa3-4d7ec10f3d83','1736019227708051458','1735278276639281154','1735278276169519105',0,0,3,'D'),('3e98ce77-7f12-4a86-b1ca-b6ccb17a565d','1736019227708051458','1735273931201925122','1735273930736357378',0,0,2,'C'),('3eb0d5f6-83f5-41e8-a924-9c82e85e1aa2','1736019227708051458','1736013833652752386','1736013833187184642',1,0,1,'B'),('40ce81dd-e9e4-4d77-a634-367b3261dec5','1736019227708051458','1735495719475302403','1735495718351228929',0,0,1,'B'),('40deb5c3-f058-43ba-91fa-6279fc6ff778','1736019227708051458','1735600273768402948','1735600273307029505',1,0,3,'D'),('416fdfd1-b690-4053-8f20-1485fe9be17a','1736019227708051458','1735282006298284036','1735282005757218817',0,0,3,'D'),('430b8600-ea2f-46db-9ff4-6bf2c5f18d55','1736019227708051458','1736014838821900291','1736014838427635714',1,0,0,'A'),('443ed596-b56c-4117-9c2f-30494b3da89f','1736019227708051458','1735481362095886338','1735481361697427458',0,0,0,'A'),('448f44cd-a076-444d-8f3b-8a88996b47a3','1736019227708051458','1735281703796690949','1735281703322734593',0,0,3,'D'),('4497cbe0-c3cd-4990-930a-e3226ed432fb','1736019227708051458','1735489155653783557','1735489155188215810',1,0,0,'A'),('44fdc89a-ca00-47d8-8435-4ca3fd252af4','1736019227708051458','1736015712826773506','1736015712298291202',1,0,0,'A'),('45d0bab6-f011-4bad-b7ce-f086e10d9385','1736019227708051458','1736018151546114050','1736018151080546306',0,0,2,'C'),('45ee1258-991c-4cd5-8f2d-a4ec3b4e32f3','1735271720443006977','1735269533696479233','1735269533222522881',0,1,3,'D'),('463b8502-441b-4a77-a125-37639712b866','1736019227708051458','1735484631601991682','1735484631144812546',0,0,1,'B'),('46d85283-cadf-4324-90e4-89c467ba05a8','1736019227708051458','1735282941913288708','1735282941514829825',1,0,3,'D'),('46fc3a26-4e65-48f0-b735-7d9f8ed387a2','1736019227708051458','1736018151546114051','1736018151080546306',0,0,1,'B'),('4a42b3e3-3400-416d-b3fc-6edc5399b195','1736019227708051458','1735473967068172290','1735473966673907713',1,0,1,'B'),('4a8abfb2-d685-476e-80c3-4ae44895e32e','1736019227708051458','1735482797399298050','1735482796946313217',1,0,1,'B'),('4b5dc989-b804-4a35-956a-1c5e7956b2e7','1736019227708051458','1735604636045889539','1735604635517407233',0,0,0,'A'),('4bdf4235-7ef6-42a0-b5c1-d697f6c21827','1736019227708051458','1736017422437666820','1736017422047596545',1,0,0,'A'),('4bf577c4-7f8d-4af6-b92e-de6bc59c01c0','1736019227708051458','1735473762650378244','1735473762189004802',0,0,0,'A'),('4c4bfe5a-b397-413b-b89b-f2f873fd4c9b','1736019227708051458','1736014694340710401','1736014693946445826',1,0,1,'B'),('4c6d1c3c-96d9-4348-a498-07aaa8a01986','1736019227708051458','1735279369788149764','1735279369322582017',1,0,0,'A'),('4c7d5852-88d8-4ede-9a20-fe63c0a3874f','1736019227708051458','1735600754720854018','1735600754251091969',0,0,2,'C'),('4cb1dcc3-ce09-4cff-b8c9-63e26f7caee2','1736019227708051458','1735600273768402947','1735600273307029505',0,0,2,'C'),('4d17e5d6-ad7c-46e6-9f31-cb23c09b810a','1736019227708051458','1735604791830728707','1735604791369355265',0,0,1,'B'),('4ddbda18-76eb-4022-8bc2-841864c16086','1736019227708051458','1735604636045889537','1735604635517407233',0,0,2,'C'),('4e6b012e-4950-4a5c-a303-81d6a8863f75','1736019227708051458','1735483740438220802','1735483740035567618',0,0,1,'B'),('4ed22de1-c1c1-4857-bb56-e5ac58d59814','1736019227708051458','1736014346356084737','1736014345961820162',1,0,0,'A'),('4eeece8b-6b68-4de4-a4a9-9aaef9861c08','1736019227708051458','1735281516529405953','1735281516126752769',1,1,0,'A'),('4efd8218-3a30-4a5d-b6e6-fa9ccafb3ee5','1736019227708051458','1735279369788149763','1735279369322582017',0,0,3,'D'),('4fcac12b-d487-4369-8b3a-255d3c3f8a16','1736019227708051458','1735482061114396675','1735482060653023233',0,0,1,'B'),('50b8ac53-67a1-4bdb-a281-dfc924f7a3bc','1736019227708051458','1735604791830728706','1735604791369355265',0,0,0,'A'),('51625e4f-e441-4e9a-8821-08a3de3959a7','1736019227708051458','1735270343088099331','1735270342681251842',0,0,0,'A'),('5171461a-213c-4c3a-8e62-63de949c6173','1735271720443006977','1735271401214529540','1735271400753156098',0,0,1,'B'),('519b141e-a63d-4813-8292-d5464c039a1c','1736019227708051458','1735607045199581188','1735607044792733697',0,0,0,'A'),('51f7559d-9b4c-486c-8aa0-17011cc3652d','1736019227708051458','1735275120131919875','1735275119733460994',0,0,0,'A'),('528325ab-b9db-4c22-8558-8e972aa69110','1736019227708051458','1735602457268539395','1735602456798777346',0,0,2,'C'),('52ec8894-f957-4e94-83fd-5a86a323d27f','1736019227708051458','1735482689861537795','1735482688406114306',0,0,0,'A'),('53335734-6426-4bd7-ad5f-244ea5ea35e6','1736019227708051458','1735484510143336451','1735484509669380097',0,0,3,'D'),('533fe542-b2a6-4a17-84e1-ffdf2dcce0ab','1736019227708051458','1736015833169743874','1736015832767090689',0,0,1,'B'),('53896fca-a838-4e1e-bec6-7e894f60a40f','1736019227708051458','1735485542151835653','1735485541757571074',0,0,0,'A'),('53b078dc-b23a-4c4d-b64b-b0675fea8824','1736019227708051458','1735277948913143812','1735277948447576065',0,0,3,'D'),('53bc4be8-6b19-424b-a002-b95421353c72','1736019227708051458','1735281516529405955','1735281516126752769',0,0,3,'D'),('5441aa97-d6fb-4e59-9ac9-67d1418d7a2f','1736019227708051458','1735481441120768003','1735481440722309121',0,0,1,'B'),('552754a7-56d1-406a-98c8-19b3cfb050b0','1736019227708051458','1735269533696479235','1735269533222522881',0,0,2,'C'),('5656e61f-7a34-4d06-9242-92dfb46bd64c','1736019227708051458','1735481797829545986','1735481797435281409',0,0,0,'A'),('57607d9f-7792-4bed-a7fe-11de31612a28','1736019227708051458','1735607415632121859','1735607415099445249',1,0,1,'B'),('57954ba4-9852-4b7a-9435-6916b8885188','1736019227708051458','1736018782528819203','1736018781731901442',0,0,2,'C'),('582be108-3842-4ef1-9e3c-f07027a349a7','1736019227708051458','1735473316238020610','1735473315839561730',1,0,3,'D'),('58c08fb2-b2b8-425f-bc65-b46511d467b5','1736019227708051458','1735607045199581187','1735607044792733697',1,0,3,'D'),('59076135-84ed-4cfe-bb6f-bf2839f04c5c','1736019227708051458','1735487493547577347','1735487493086203905',0,0,0,'A'),('59ae1b8b-d530-4a50-90ee-372b40e8c950','1736019227708051458','1735472898552451075','1735472898153992193',1,0,0,'A'),('59e4f0ef-93c6-48c8-ad65-ce917c99e814','1736019227708051458','1735280120061054977','1735280119662596097',1,1,3,'D'),('5a228e05-4e73-4b0a-80b3-8bd6abf2ee3d','1736019227708051458','1735281703796690946','1735281703322734593',0,0,1,'B'),('5b3334a5-0cab-4cd7-a653-329a1bf76a6a','1736019227708051458','1735494907625820162','1735494907164446722',0,0,0,'A'),('5bb9f354-5b9b-4b21-b8ea-bab0e9951b8b','1736019227708051458','1735602314213412868','1735602313752039425',0,0,3,'D'),('5be7c992-e58b-483b-a9d4-504af4e80ae5','1736019227708051458','1736016965371777028','1736016964906209281',0,0,2,'C'),('5c34faf8-3118-408a-a116-96b16d790576','1736019227708051458','1735484996019900417','1735484995483029506',1,0,1,'B'),('5c38d7c9-2cfa-4df2-aaa5-eb095d324376','1736019227708051458','1736018782528819201','1736018781731901442',1,0,3,'D'),('5c9b857c-2ef7-4367-ab1e-f8b8a311ef96','1736019227708051458','1736011499975561217','1736011499572908034',1,0,1,'B'),('5cc3f5ee-5c39-408e-a5c2-23640a48b0a7','1736019227708051458','1735474153702117379','1735474153299464194',1,0,1,'B'),('5d40b125-af5d-46c5-99a5-622109639479','1736019227708051458','1735274576910831619','1735274576441069570',0,0,3,'D'),('5d610eb7-5e1d-405b-951a-9e458a401e95','1736019227708051458','1735276239365165058','1735276238899597313',0,0,2,'C'),('5d6c191a-8938-435c-af44-9d440d2ab7ea','1736019227708051458','1735483584850513923','1735483584384946178',0,0,1,'B'),('5db57d58-a5b2-4889-9177-ed39f853b978','1736019227708051458','1736014694340710402','1736014693946445826',0,0,0,'A'),('5e3a917d-85e1-43d9-82dc-e9dc034d8752','1735271720443006977','1735270601226539011','1735270600760971265',0,0,2,'C'),('5ebda7ad-4132-4cb3-9c18-222f53c4a99c','1736019227708051458','1735495500268392452','1735495499874127874',0,0,1,'B'),('5f0557ce-89f7-4bed-9713-8a26ddaf29f0','1736019227708051458','1735275795448418308','1735275794924130306',1,0,1,'B'),('5f069cc9-b116-43e0-8c0c-a2a88a42bcfe','1736019227708051458','1735273931201925124','1735273930736357378',1,0,3,'D'),('5f112309-db3e-4683-bb73-eebd2b0a5d6f','1736019227708051458','1736015712826773507','1736015712298291202',0,0,1,'B'),('5fe24d6c-d353-4ff3-ab5c-facc1d6582d5','1736019227708051458','1735600534087880708','1735600533622312961',0,0,3,'D'),('6029f4dd-3491-4949-a7e3-400b7d309e7c','1736019227708051458','1735600754720854019','1735600754251091969',1,0,3,'D'),('60b37610-246e-4613-834d-40e2e14a0a35','1736019227708051458','1736014838821900290','1736014838427635714',0,0,1,'B'),('60e80fd4-0ebb-4eec-b821-92c274ced552','1736019227708051458','1735274899742216195','1735274899272454146',1,0,2,'C'),('631eec1f-c447-4513-9769-6f85a522349f','1736019227708051458','1736014620978139139','1736014620571291650',0,0,0,'A'),('6337da80-33a2-4b47-94ec-3d06559b7a98','1736019227708051458','1735273226638544898','1735273226172977154',0,0,3,'D'),('63ed5e22-be77-478c-acc1-f1741802744a','1736019227708051458','1735483513555734530','1735483513148887041',0,0,1,'B'),('64285d76-aa4c-4f09-aade-7de4d27136ee','1735271720443006977','1735270343088099330','1735270342681251842',0,0,1,'B'),('6546e86f-d60e-45cf-8d78-cff82332a961','1736019227708051458','1735273931201925123','1735273930736357378',0,0,0,'A'),('65710c4e-39cb-4d20-916c-7c789089d3f6','1736019227708051458','1735474438101094403','1735474437711024130',0,0,0,'A'),('65743a37-829a-4fc2-8b41-46032b3a9dc3','1736019227708051458','1735607045199581186','1735607044792733697',0,0,1,'B'),('65e26c22-2514-424a-a847-0b51f79c2871','1736019227708051458','1735481986971684867','1735481986573225986',1,0,0,'A'),('6617d900-a500-48c6-b11f-41fb94e09fdf','1736019227708051458','1735482135668150274','1735482131901665281',1,0,1,'B'),('666da3eb-4ce5-41fb-96d3-09a42e61c097','1736019227708051458','1735487493480468482','1735487493086203905',0,0,3,'D'),('66eb8808-612f-4b1c-9f75-0653a0292dc8','1736019227708051458','1736015525261692929','1736015524808708097',1,0,0,'A'),('68783368-8ef1-4bf8-b85a-ce84ccf7f4d9','1736019227708051458','1736014346356084738','1736014345961820162',0,0,1,'B'),('68adb6a4-9db7-4cac-b8f7-4ad46ec18cd6','1736019227708051458','1735276239365165057','1735276238899597313',0,0,0,'A'),('69ef4b31-6dbd-4ad5-a6bb-9138920dc667','1736019227708051458','1735277010324377602','1735277009867198465',0,0,1,'B'),('6a24a810-928b-4032-ad5c-e59b2d7e0e01','1736019227708051458','1735278446303072260','1735278445778784258',1,0,2,'C'),('6a363484-bcd1-480c-a916-958d8ac2b33b','1736019227708051458','1736012602905546756','1736012602448367617',1,0,2,'C'),('6afbe275-e621-4a7f-8762-327499ff4e50','1736019227708051458','1735473529249943556','1735473528784375810',1,0,0,'A'),('6b2c54e8-1a5b-4345-8b96-14be5d98d0bc','1736019227708051458','1736016745472806914','1736016744881410049',0,0,2,'C'),('6b35f321-84d5-45f4-b7db-945c2ab576dd','1736019227708051458','1735484996019900418','1735484995483029506',0,0,0,'A'),('6d219f86-cd99-43e2-a477-698a9e24f448','1736019227708051458','1736014536425164803','1736014536030900226',0,0,0,'A'),('6d65a953-fe7a-483c-be78-31fa687e757a','1736019227708051458','1736015833169743873','1736015832767090689',1,0,0,'A'),('6dac8e9b-ad85-45e7-b03b-023399f18c3a','1736019227708051458','1736016965371777027','1736016964906209281',1,0,1,'B'),('6dcaab95-d168-4037-b573-c988964e92b8','1736019227708051458','1736012602905546753','1736012602448367617',0,0,1,'B'),('6e17b62b-032d-40f0-949f-083034942533','1736019227708051458','1735485542151835651','1735485541757571074',0,0,1,'B'),('6e6fa5bc-ba79-437a-b3fe-b3a899700a2c','1736019227708051458','1735600273768402945','1735600273307029505',0,0,0,'A'),('6f507746-28d0-407b-9b7b-322e036da72c','1736019227708051458','1735275795448418307','1735275794924130306',0,0,0,'A'),('6fb5a08c-76f6-4c52-a2b2-15e4cef679cf','1735271720443006977','1735270601226539012','1735270600760971265',0,0,1,'B'),('7029e48a-c048-4953-964e-c06c5717ca18','1736019227708051458','1735271401214529537','1735271400753156098',1,0,3,'D'),('706c9f57-314c-41d2-ab87-b261122e67ac','1736019227708051458','1735483513555734529','1735483513148887041',1,0,0,'A'),('70c6f57b-37f9-42af-84d6-aa65adb3e9e5','1736019227708051458','1735474438101094402','1735474437711024130',1,0,1,'B'),('70d3269a-80e8-4472-a681-91ec17b0e73b','1735271720443006977','1735270343088099331','1735270342681251842',0,0,0,'A'),('71ebca0c-37c8-4437-9b47-cc9c65c7323f','1736019227708051458','1735600754720854017','1735600754251091969',0,0,0,'A'),('74ce7e69-12c0-46aa-8ab7-56d31a148148','1736019227708051458','1735274576910831621','1735274576441069570',0,0,1,'B'),('7544fc7a-c89a-4363-818f-6230c7494a5d','1736019227708051458','1736013344760483842','1736013344362024961',1,0,1,'B'),('75649bae-c27d-4e65-b6f4-cf5985a0a9d5','1736019227708051458','1736014958481199105','1736014958145654786',1,0,0,'A'),('758204bf-7ad6-4b21-b75d-441b8835afa6','1736019227708051458','1735271401214529540','1735271400753156098',0,0,1,'B'),('75a78a5b-14a2-4def-a34a-83ae47be42f4','1736019227708051458','1736014536425164802','1736014536030900226',1,0,1,'B'),('75b751f7-6bf9-40ee-b0d5-2e3e921e7a7f','1735271720443006977','1735270137273602051','1735270136799645698',0,0,2,'C'),('75dd95c5-081e-48d1-8200-ed054262ce3c','1736019227708051458','1735276593016295426','1735276592617836546',1,0,3,'D'),('75df180b-a008-4ddf-9d83-adf6cbd938c7','1736019227708051458','1735278446303072258','1735278445778784258',0,0,3,'D'),('7665d3af-ca11-4b89-9825-a00170a24dc6','1736019227708051458','1735277010324377601','1735277009867198465',0,0,0,'A'),('76dd7937-6d17-4e7f-b513-cc694b8cc67b','1736019227708051458','1735495500268392453','1735495499874127874',0,0,0,'A'),('777ccf1a-f9b6-499b-8e10-d7565ea1095f','1735271720443006977','1735269533696479236','1735269533222522881',1,0,1,'B'),('7847dd3e-1af1-4d65-b82e-9f668f64b3d6','1736019227708051458','1735599980771102722','1735599980175511554',0,0,1,'B'),('786fa86f-1002-4ee4-8b04-82ecbeaed03e','1736019227708051458','1735270137273602050','1735270136799645698',0,0,2,'C'),('79079b98-cc80-41ad-bb8e-012762f22197','1736019227708051458','1735275120199028738','1735275119733460994',0,0,3,'D'),('79a796ec-09f3-42b7-8a9b-f2a6a4232fdc','1736019227708051458','1735484291519434753','1735484291116781570',0,0,2,'C'),('7a9db2d8-d4ce-4e39-920a-ee87e5455a69','1736019227708051458','1735473111321104386','1735473110918451201',1,0,0,'A'),('7b6aa078-d77c-47a0-97d5-dd378f37f182','1736019227708051458','1735495272622542852','1735495272161169410',1,0,3,'D'),('7c584a65-4963-486f-a2e4-71c48649a3da','1736019227708051458','1735482550287683586','1735482549952139265',1,0,1,'B'),('7c9412af-e9db-4777-8c5b-7cbc130ea422','1736019227708051458','1735481362095886337','1735481361697427458',1,0,1,'B'),('7cb33f7f-66fa-4e68-b623-54f27bef6967','1736019227708051458','1735495719475302401','1735495718351228929',0,0,0,'A'),('7ce964c3-1cd9-4fda-993f-e99c2720335c','1736019227708051458','1735474552207134721','1735474551808675842',0,0,0,'A'),('7d68b140-a074-4fd7-ba9a-8e2f51a32b95','1736019227708051458','1735276780631707652','1735276780166139906',0,0,0,'A'),('7e35980b-1fab-4b69-899b-3ab8b922f80b','1736019227708051458','1735270343088099329','1735270342681251842',1,1,1,'B'),('7eb4224c-5800-4b2c-b2c9-9d838c0fa049','1736019227708051458','1735280594487169025','1735280594021601282',0,0,0,'A'),('7feeb49f-b7f8-46bc-b5e3-c3e937461e2d','1736019227708051458','1735602457268539397','1735602456798777346',0,0,0,'A'),('81463fcb-fabb-4250-8e91-fe54bae659de','1736019227708051458','1736017948046872579','1736017947577110529',0,0,0,'A'),('8249ac87-cbde-4dc7-80bd-56d0fbb1abac','1736019227708051458','1736013344760483844','1736013344362024961',1,0,0,'A'),('82ee0f10-8fd3-41c7-b9b9-8ec5117a5fcb','1736019227708051458','1735474153702117381','1735474153299464194',1,0,2,'C'),('83370014-c84f-4d48-a1c7-d6966395ae53','1736019227708051458','1735481224870842370','1735481224401080322',1,0,0,'A'),('83aa2c63-73e2-4e0d-812e-1e583494f819','1736019227708051458','1735484631601991683','1735484631144812546',1,0,0,'A'),('84153a48-df9a-4aab-b5c5-df3860c7782b','1736019227708051458','1735489155653783555','1735489155188215810',0,0,3,'D'),('843dc7fd-5aa8-47ec-a0ac-735037b7ed6d','1736019227708051458','1735273410206453765','1735273409740886018',0,0,3,'D'),('84d1b3de-9efe-4e1d-8b3c-0e5f4778d27c','1736019227708051458','1735271401214529539','1735271400753156098',0,0,0,'A'),('84ee51cb-b5d2-4aff-91c8-1f187c45daf5','1736019227708051458','1735607415632121858','1735607415099445249',0,0,3,'D'),('853fadf6-a749-4c46-92ba-0a2ffd9851c0','1736019227708051458','1735278276639281155','1735278276169519105',1,0,0,'A'),('8552575a-62f7-4ee6-918f-6d5165d82e8d','1736019227708051458','1735481441120768002','1735481440722309121',1,0,0,'A'),('85c76437-2a03-4ba3-a037-b27deb386e7c','1736019227708051458','1735482618411569154','1735482617954390017',0,0,1,'B'),('862928d0-8351-47b3-a7a6-02c55a02af1b','1736019227708051458','1735489155653783556','1735489155188215810',0,0,2,'C'),('86fc7057-434d-4723-a3b0-f4a0163ed5dc','1736019227708051458','1735273647646003204','1735273647176241154',0,0,3,'D'),('8881d0f5-0f63-48e1-9964-582fd3edb1df','1736019227708051458','1736013833652752385','1736013833187184642',1,0,0,'A'),('8922b6e3-d040-4ddc-a79d-f1267eb2a028','1736019227708051458','1735283135774019587','1735283135312646146',0,0,3,'D'),('8c42709a-3988-4e0e-89ae-331a66ddfc35','1736019227708051458','1736017948046872577','1736017947577110529',0,0,3,'D'),('8d516af3-28f4-4b65-8b3d-1fe0034db0ae','1736019227708051458','1735472898552451073','1735472898153992193',0,0,2,'C'),('8d6156fe-1672-418c-b561-6d7742444312','1736019227708051458','1735278446303072259','1735278445778784258',0,0,1,'B'),('8d62f479-b19f-4bec-995e-df8ecbc17d1e','1736019227708051458','1735484510143336452','1735484509669380097',1,0,2,'C'),('8d95e73d-c3b2-4192-9e60-e4c6877fbd9d','1735271720443006977','1735269533696479235','1735269533222522881',0,0,2,'C'),('8db2be71-3260-4113-ad18-d44c5ca481f9','1736019227708051458','1735494478296862723','1735494477831294978',0,0,1,'B'),('8dff20cc-fae8-4804-9609-7cf9925ede9b','1736019227708051458','1735495719475302402','1735495718351228929',1,0,2,'C'),('8e2b0f64-7bf5-47e6-8207-7653e7eeadc1','1736019227708051458','1735283135774019586','1735283135312646146',1,0,1,'B'),('8faca086-f74f-456e-a9bd-a1b12264b926','1736019227708051458','1735283537038888965','1735283536577515521',0,0,0,'A'),('90aee1b9-aea8-4bbc-9d79-7e3d280f22ef','1736019227708051458','1735484700854145025','1735484700384382977',1,0,1,'B'),('9155168d-24df-43af-8b26-dc74b6f074a3','1736019227708051458','1735279369788149762','1735279369322582017',0,0,1,'B'),('9169a2fb-68b8-403b-8f48-2d46ce8f8494','1736019227708051458','1736018405234397186','1736018404831744001',0,0,2,'C'),('9201b51e-6632-4e7b-b832-9834c460a3fa','1736019227708051458','1736017135488552963','1736017135085899778',0,0,3,'D'),('92465b14-57ca-4256-9f8f-3c7c548dd4bc','1736019227708051458','1735283745466437633','1735283745067978754',1,0,2,'C'),('9256efaa-ca07-4b6c-b9ae-e9018a5b14f0','1736019227708051458','1735282696030605317','1735282695556648962',1,0,1,'B'),('92650fed-72e3-4f6d-ab21-43e3fb431e38','1736019227708051458','1735605630871883781','1735605630410510337',1,0,0,'A'),('92c059b4-daa2-4af7-8b96-338f1a61ea7c','1736019227708051458','1735279615750524931','1735279615213654018',0,0,1,'B'),('92f161a4-663d-4eb4-a7fd-5b259b5232a2','1736019227708051458','1735472898552451076','1735472898153992193',1,0,3,'D'),('93a22062-d32c-464a-8777-725d4878735a','1736019227708051458','1735481916721287169','1735481916268302338',1,0,0,'A'),('93ab3d1a-afe2-49dd-b359-5d15b60af305','1736019227708051458','1735281516529405956','1735281516126752769',0,0,2,'C'),('9592b5cf-ff42-4ac7-ad53-876a6a3c1f24','1736019227708051458','1735473762650378243','1735473762189004802',0,0,3,'D'),('962a580c-e630-4821-9c18-834cd8f8b668','1736019227708051458','1736015110814126082','1736015110482776065',1,0,0,'A'),('9632cd6a-880b-43bc-a6a2-b38a9a1913fc','1736019227708051458','1735270137273602052','1735270136799645698',0,0,3,'D'),('97a7c365-ab76-4a1a-a8f3-627b88f172bd','1736019227708051458','1736016965371777029','1736016964906209281',0,0,3,'D'),('97b30479-5aa2-4896-a665-9d8c8335b4d6','1736019227708051458','1735274899742216196','1735274899272454146',0,0,0,'A'),('98075010-4d38-4c7e-a522-4bba8e7a7cce','1736019227708051458','1736016745472806915','1736016744881410049',1,0,1,'B'),('9844a9ee-cfc7-43fd-b643-5380929e497d','1736019227708051458','1735277294756909060','1735277294350061569',0,0,0,'A'),('98cb51b7-6595-4aa9-8184-8d81f9254089','1736019227708051458','1735473762650378245','1735473762189004802',1,0,2,'C'),('999341a0-b426-4255-80fb-3399f53e958c','1736019227708051458','1735494323782897667','1735494323329912833',1,0,2,'C'),('99b4d592-e13a-44fa-9db3-17fd2e0ac7ea','1736019227708051458','1736017422437666818','1736017422047596545',0,0,3,'D'),('9a063be4-cce2-49ea-bf20-887d402cebc4','1736019227708051458','1735481537761726466','1735481537367461890',0,0,1,'B'),('9a3544cc-58de-4e39-944d-043e0e6d01c8','1736019227708051458','1735599980771102725','1735599980175511554',0,0,0,'A'),('9a8d2593-dda6-4ecd-8f70-cc9d2aed3f90','1736019227708051458','1736015588939616257','1736015588461465601',1,0,1,'B'),('9b839184-0e19-44f6-b25b-0c489f0896b7','1736019227708051458','1735474153702117378','1735474153299464194',1,0,3,'D'),('9b9308bd-117b-4481-bb16-9fd02bb01126','1736019227708051458','1735273931201925121','1735273930736357378',0,0,1,'B'),('9bf5eff0-304b-43ec-ad59-d5bf8d76a648','1736019227708051458','1736018405234397188','1736018404831744001',1,0,1,'B'),('9c02662f-3c4c-49de-acc5-c4aa38b57a79','1736019227708051458','1736014141124595713','1736014140730331138',1,0,1,'B'),('9c6802a8-6bd7-41e6-95d4-e856b65982e3','1736019227708051458','1735483814815813634','1735483814408966146',0,0,0,'A'),('9c78e3ea-3a34-4b3f-abb1-f34910c212e3','1736019227708051458','1735277294756909058','1735277294350061569',0,0,1,'B'),('9cc657fc-794e-494f-9d15-fee360c05cc1','1736019227708051458','1735277571752939523','1735277571228651522',1,0,2,'C'),('9da69eb4-5be8-4234-96de-57b92a712d4b','1736019227708051458','1735489155653783554','1735489155188215810',0,0,1,'B'),('9fd19d9a-ed30-4f51-ae67-e50141b5883e','1736019227708051458','1735279369788149765','1735279369322582017',0,0,2,'C'),('a0f02273-d74c-4866-8e6d-b05de525af2c','1736019227708051458','1735473529249943554','1735473528784375810',1,0,2,'C'),('a0f3f2a2-e370-4d20-88f2-2d05ca73fdb1','1736019227708051458','1735269533696479233','1735269533222522881',0,0,0,'A'),('a2522c39-ed4c-4c00-83f0-5c1c933a081c','1736019227708051458','1736014443382919171','1736014443051569154',0,0,0,'A'),('a25e30c4-bdb9-44c9-baf6-f44f342dc934','1736019227708051458','1735280594487169026','1735280594021601282',0,0,3,'D'),('a284a6e0-4f9e-4e27-9cb7-8b284aa90cad','1736019227708051458','1735481916721287170','1735481916268302338',0,0,1,'B'),('a2912185-7f17-4053-8c20-06f0f66aa452','1736019227708051458','1735273647646003205','1735273647176241154',1,0,2,'C'),('a2a9cc06-89cf-4a19-9375-3f9c2225a86a','1736019227708051458','1736011499975561219','1736011499572908034',1,0,3,'D'),('a2d4a0a1-9159-4c20-991e-2366aa17b3c8','1736019227708051458','1735473111321104387','1735473110918451201',0,0,1,'B'),('a30d5845-e881-4be5-b53c-3460f6ddbf84','1736019227708051458','1736015110814126081','1736015110482776065',0,0,1,'B'),('a35bb535-41c4-4f36-aeef-cb26a3b4e1f7','1736019227708051458','1735270601226539010','1735270600760971265',1,1,3,'D'),('a35eb37f-eac4-4a63-b51c-2118ae4c6fab','1736019227708051458','1735276780631707649','1735276780166139906',1,0,3,'D'),('a3a57265-e064-4a29-8eaf-57018d8c7a63','1735271720443006977','1735269533696479234','1735269533222522881',0,0,0,'A'),('a40d0a83-5145-466b-a7fd-23932bce7b34','1736019227708051458','1735481797829545987','1735481797435281409',1,0,1,'B'),('a4689ca5-133f-462c-996b-a60a8894b7d6','1736019227708051458','1735281703796690947','1735281703322734593',0,0,0,'A'),('a48f626d-13c7-4caa-979c-248657853fcd','1736019227708051458','1735605630871883780','1735605630410510337',1,0,2,'C'),('a50c88b8-a595-4ca4-b9f4-3af0a5b88f2c','1736019227708051458','1735600534087880707','1735600533622312961',0,0,0,'A'),('a5ab9b97-4f9a-44d8-b5ea-220d660f69c7','1736019227708051458','1736017422437666821','1736017422047596545',0,0,2,'C'),('a5b9c280-2f90-45bb-bd2a-09a4c3fc1ebb','1736019227708051458','1735481986971684866','1735481986573225986',0,0,1,'B'),('a60926e7-ec1e-4820-9b7c-da2d84b8fe27','1736019227708051458','1735274171166445571','1735274170772180993',1,0,0,'A'),('a6fdbcb3-2999-4b8f-b7ba-64d1933e04c7','1736019227708051458','1736011269917986820','1736011269523722242',1,0,0,'A'),('a7f4b3b5-fed9-4087-9001-05fccd774999','1736019227708051458','1735276593016295427','1735276592617836546',0,0,0,'A'),('a80350cc-4e0d-427b-82ac-9eae8abef032','1736019227708051458','1735599980771102724','1735599980175511554',1,0,3,'D'),('a87a5b7f-b9d4-42ad-8f56-8a221b67eaae','1736019227708051458','1735275575851438082','1735275575448784897',0,0,0,'A'),('a8b551fb-88b3-40d8-af75-8e3d367490c6','1736019227708051458','1735473967068172291','1735473966673907713',1,0,2,'C'),('a8d4e455-785c-41f3-81a7-758c5436a592','1736019227708051458','1735276031487070210','1735276031021502465',1,0,3,'D'),('a959a2f9-3a58-446a-9046-2a49acc305ba','1735271720443006977','1735270137273602052','1735270136799645698',0,1,3,'D'),('ab634b6f-628c-4f65-99db-928514bbbc51','1736019227708051458','1735276239365165059','1735276238899597313',1,0,3,'D'),('ac1bab2f-4008-49c3-8377-f30e95e73767','1736019227708051458','1735482550287683587','1735482549952139265',0,0,0,'A'),('ac9194b2-3985-4dbe-8738-8e86b9a1b686','1736019227708051458','1735276593016295425','1735276592617836546',0,0,1,'B'),('ac953d82-bd97-4251-ae41-019dc98dc2e2','1736019227708051458','1735495045324820485','1735495044863447042',1,0,2,'C'),('ad230674-4726-427f-94f8-c1d01ca3788f','1736019227708051458','1735473529249943557','1735473528784375810',1,0,1,'B'),('ad2b711f-0456-45ce-9934-64a0a80251c2','1736019227708051458','1735283537038888963','1735283536577515521',1,0,2,'C'),('ad9aacc8-6d51-4d50-8af6-b3b4873cc3d8','1736019227708051458','1735283745466437634','1735283745067978754',0,0,3,'D'),('adc9988a-f6a1-4700-9302-5284121ed24a','1736019227708051458','1735276239365165060','1735276238899597313',0,0,1,'B'),('af18c668-28c2-49a0-9599-a2ffdf738fb9','1736019227708051458','1736018975529717765','1736018975064150018',0,0,1,'B'),('b09c27f4-6f8a-4ab8-98be-ba709c58e901','1736019227708051458','1736018782528819202','1736018781731901442',0,0,0,'A'),('b0b22896-6b1f-495a-a3ed-7519d8a774ba','1736019227708051458','1735275120131919876','1735275119733460994',0,0,2,'C'),('b18b8f64-8d5d-4b12-b0d0-8be648de15cd','1736019227708051458','1735604791830728709','1735604791369355265',0,0,3,'D'),('b19621be-4121-465d-bfd1-796d64bdb2f9','1736019227708051458','1736017674850881538','1736017674389508097',0,0,0,'A'),('b31ba457-f0cc-452d-a715-9e5193ad3104','1736019227708051458','1735484291519434756','1735484291116781570',1,1,1,'B'),('b33c2fe3-afe4-4afc-8d21-d5a98bd40249','1736019227708051458','1735276031487070209','1735276031021502465',0,0,1,'B'),('b37c86fe-db4a-422f-b7d3-7211138fc1ae','1736019227708051458','1735482061114396674','1735482060653023233',1,0,0,'A'),('b41b9a7f-b0db-4e2f-add5-8aed4ae68521','1735271720443006977','1735270343088099329','1735270342681251842',1,1,2,'C'),('b4b68d45-4732-42ca-a9bb-dd985f46e70b','1736019227708051458','1736018151546114049','1736018151080546306',1,1,3,'D'),('b4ca3551-3de9-4173-8754-5eea4ccc6582','1736019227708051458','1735276780631707650','1735276780166139906',0,0,1,'B'),('b52b34bf-da6a-4ce5-8f73-0ab188a04741','1736019227708051458','1735484878059294721','1735484877526618113',0,0,0,'A'),('b537c725-720e-4470-88f4-acc7cf0cda7e','1736019227708051458','1735276031487070212','1735276031021502465',0,0,2,'C'),('b5691c1d-9c19-456d-9a4f-8305c3b16457','1736019227708051458','1735270601226539012','1735270600760971265',0,0,1,'B'),('b5a9f5ff-f2e6-48a1-824a-f541f20760ec','1736019227708051458','1736011269917986819','1736011269523722242',1,0,2,'C'),('b7a76906-e4fd-45fb-a6e2-363609ae1c09','1736019227708051458','1736017674850881537','1736017674389508097',0,0,3,'D'),('b80a746d-1f5d-4c61-a445-d5b1431133ed','1736019227708051458','1735607045199581185','1735607044792733697',1,0,2,'C'),('b9122c71-75f5-403b-968e-82da9498ff4e','1736019227708051458','1735604984722575363','1735604984194093058',0,0,0,'A'),('b927f3b6-a579-43a9-90d7-6ff00272d6ee','1736019227708051458','1735604636045889538','1735604635517407233',0,0,3,'D'),('b9e5b3db-fde9-405f-a9d6-63a2405e1ed8','1736019227708051458','1735494478296862724','1735494477831294978',1,0,0,'A'),('bab8e090-b45e-4c49-9053-c6987e739352','1736019227708051458','1735278276639281156','1735278276169519105',0,0,2,'C'),('bae1b3f2-e1cb-4702-97f5-600e10ccf62a','1736019227708051458','1735282491193380866','1735282490723618817',0,0,0,'A'),('bbee85ad-5dd9-467b-97fc-3501c3f1f629','1736019227708051458','1736014063592886275','1736014063190233089',0,0,1,'B'),('bccc3cd0-ff1c-4bd0-8893-ddf4fc32b7cd','1736019227708051458','1736017674850881539','1736017674389508097',0,0,1,'B'),('bd426c73-0364-4477-be22-8f30cdc7394c','1736019227708051458','1735277010324377603','1735277009867198465',0,0,3,'D'),('bd55e99c-309d-42c4-9e6d-e54900894a15','1736019227708051458','1736011499975561218','1736011499572908034',0,0,0,'A'),('be1975ec-a81c-430b-ba2c-46b6badb49de','1736019227708051458','1736017135488552962','1736017135085899778',0,0,0,'A'),('bebd7784-56a7-4c9a-89eb-ab499eb98bd5','1736019227708051458','1735275795448418306','1735275794924130306',0,0,3,'D'),('bf0d640b-c0a7-4d19-a1e1-4057397740ac','1736019227708051458','1736013087561568257','1736013087037280257',1,0,3,'D'),('bf7f4dad-8e2e-4d49-b123-8c8a75b8bcc8','1736019227708051458','1735270137273602053','1735270136799645698',1,0,0,'A'),('bfe22699-74b1-489a-ad7a-f46d44e0b474','1736019227708051458','1735279615750524932','1735279615213654018',1,0,2,'C'),('c033da2d-45f6-4d35-91b3-768333d0dfbb','1736019227708051458','1735603421614526467','1735603421148958722',0,0,1,'B'),('c100a672-4cd7-4843-a3fd-a349362ccb13','1736019227708051458','1736014063592886274','1736014063190233089',1,0,0,'A'),('c1739211-c260-49d3-a817-0ab5f89e5bee','1736019227708051458','1735277948913143811','1735277948447576065',1,0,0,'A'),('c2c62b9d-0967-4342-9cd9-609a78f3818d','1736019227708051458','1735269533696479234','1735269533222522881',0,0,3,'D'),('c44de6c6-62f7-4042-aee7-5dd1610d678b','1736019227708051458','1735484510143336453','1735484509669380097',1,0,1,'B'),('c48f57a1-e804-4a28-8def-a0a9d03c2468','1736019227708051458','1735606498581106689','1735606498182647810',0,0,2,'C'),('c4c23020-4fd3-4ab4-a563-ff41cc2e3649','1736019227708051458','1735273226638544901','1735273226172977154',0,0,1,'B'),('c4ea0adb-0a9d-441d-8825-84ae5ed8cd9d','1736019227708051458','1735473967068172292','1735473966673907713',0,0,0,'A'),('c5774e20-b067-4630-8702-01a8b1413d94','1736019227708051458','1735282006298284033','1735282005757218817',1,0,1,'B'),('c5abaf3c-ed08-4596-9032-4656a86cb933','1736019227708051458','1735494907625820161','1735494907164446722',1,1,1,'B'),('c6683941-9660-4b84-9bd2-ff3d0dc69468','1736019227708051458','1735604984722575364','1735604984194093058',0,0,1,'B'),('c7305280-b338-433d-8026-e6551adb87ec','1736019227708051458','1735275575851438083','1735275575448784897',0,0,1,'B'),('c81e555a-aea7-42f4-ad5a-028ba0bf54c5','1736019227708051458','1735487493547577345','1735487493086203905',0,0,2,'C'),('c8493089-6b6e-4949-ae60-10bedeccac93','1735271720443006977','1735271401214529538','1735271400753156098',0,0,2,'C'),('c857735e-5ff2-4bbe-be5e-8f1799516672','1736019227708051458','1735495500268392450','1735495499874127874',0,0,3,'D'),('c863ecfb-674d-4c26-9639-59109c36c43e','1736019227708051458','1735277948913143810','1735277948447576065',0,0,2,'C'),('c8d3f0c8-3d37-4eb4-85ba-bbfad6724538','1736019227708051458','1735602314213412869','1735602313752039425',0,0,0,'A'),('c8dbbd82-86c0-4de2-8ad4-b4635d075628','1736019227708051458','1735274171166445573','1735274170772180993',0,0,1,'B'),('c913329a-b965-48ed-b541-53c717a1f665','1736019227708051458','1735494478296862722','1735494477831294978',0,0,2,'C'),('c9f4f6a9-555d-4c84-a8a1-af29c41461ab','1736019227708051458','1735275575851438084','1735275575448784897',1,0,2,'C'),('cad3e3ee-be5d-431c-a862-8f7d154b1ab7','1736019227708051458','1735282941913288707','1735282941514829825',1,0,0,'A'),('cb775470-a4c9-4311-8ea2-4d0134f3c672','1736019227708051458','1736013087498653699','1736013087037280257',1,0,2,'C'),('cb870d70-25a5-4add-9c91-c76e1e0adecd','1736019227708051458','1735273647646003203','1735273647176241154',0,0,1,'B'),('cb983a22-1e3b-4e2a-b952-8b817cf8da75','1736019227708051458','1735280120061054978','1735280119662596097',0,0,2,'C'),('cd2b23dc-2c28-4d0c-81e6-9b8206a11e10','1736019227708051458','1735282941913288709','1735282941514829825',1,0,2,'C'),('cd8ee3d6-731f-4a7a-8626-9df3bcb6d84e','1736019227708051458','1736013344760483845','1736013344362024961',1,0,2,'C'),('cede1d8c-66e2-4106-bd7e-f6207e4bc3a2','1736019227708051458','1735283745466437636','1735283745067978754',1,0,1,'B'),('cedee4e7-b56e-44b4-98e3-3fb3b73f7363','1736019227708051458','1735281516529405954','1735281516126752769',0,0,1,'B'),('d04d8a2f-1d00-41a0-8b77-95dbf358a656','1736019227708051458','1735274899742216197','1735274899272454146',0,0,1,'B'),('d06765ef-51de-42d7-89e6-83a676fd60bb','1736019227708051458','1736013344760483843','1736013344362024961',0,0,3,'D'),('d07cfdb6-87d9-4a50-9c50-5e4df86a47fe','1735271720443006977','1735271401214529539','1735271400753156098',0,1,3,'D'),('d0bd1232-a160-466e-8bea-b183b598ce33','1736019227708051458','1735484878059294723','1735484877526618113',1,1,2,'C'),('d0c051c0-0ec4-48bd-84e5-c54a184b2859','1736019227708051458','1735280594487169027','1735280594021601282',1,0,1,'B'),('d0daffd4-0969-4726-b99a-662f064585af','1736019227708051458','1736013833652752387','1736013833187184642',1,0,2,'C'),('d17d4f73-b29b-4dc3-b74b-c03fb3e4431f','1736019227708051458','1735279615750524929','1735279615213654018',0,0,3,'D'),('d205f853-f81c-4313-a24d-1eeefaa7cd08','1736019227708051458','1736014958481199106','1736014958145654786',0,0,1,'B'),('d223c9c1-5a90-4bab-8d4e-997f5977c7cc','1736019227708051458','1735273226638544900','1735273226172977154',0,0,0,'A'),('d3340267-8b51-44b5-85ab-d530d6f4d03b','1736019227708051458','1736017422437666819','1736017422047596545',0,0,1,'B'),('d36aa60a-13dd-4af1-82ba-06af7e7f8632','1735271720443006977','1735270601226539009','1735270600760971265',0,0,0,'A'),('d418cb6f-02b1-401f-9bcd-004ee9a39509','1736019227708051458','1735604984722575361','1735604984194093058',1,0,3,'D'),('d4376031-611b-40b0-a256-280aaede4667','1736019227708051458','1735277948913143813','1735277948447576065',0,0,1,'B'),('d43e3ed4-9394-4e10-928f-c9df86535d83','1736019227708051458','1735275795448418305','1735275794924130306',0,0,2,'C'),('d573c4d9-6523-461b-9a70-24285712310a','1736019227708051458','1736014141124595714','1736014140730331138',0,0,0,'A'),('d580b73d-8be7-4b8c-9bc8-9facb17e252e','1736019227708051458','1735484510143336450','1735484509669380097',0,0,0,'A'),('d696b50f-82c8-41c7-a16e-232f39d9ed9a','1736019227708051458','1735277294756909059','1735277294350061569',1,1,3,'D'),('d78a84c3-a6a8-4111-bae8-83c4c2162955','1736019227708051458','1736016965371777026','1736016964906209281',0,0,0,'A'),('d8c486d2-82d9-42ef-9b0a-8ffcece16c07','1736019227708051458','1735282283084599297','1735282282623225858',0,0,0,'A'),('d8ca5dfd-68bb-429a-86e1-eda82bd3fe14','1735271720443006977','1735270601226539010','1735270600760971265',1,1,3,'D'),('dba2d7e3-5ad3-4d82-9b87-6024cef8e7e5','1736019227708051458','1735484291519434754','1735484291116781570',0,0,3,'D'),('dc3f5c8a-0fda-45c7-abfc-d2039fa8ed7f','1736019227708051458','1735495045324820483','1735495044863447042',0,0,3,'D'),('dc52dbf9-ed1d-44b1-9479-76607b1d22b4','1736019227708051458','1735488984253550596','1735488983792177153',1,0,2,'C'),('dcdd7dbe-592a-44d3-afa0-a2441614435a','1736019227708051458','1736017948046872580','1736017947577110529',1,0,1,'B'),('dd5568c9-04fb-4b5c-9b14-8eef9e134170','1736019227708051458','1736018975529717763','1736018975064150018',1,0,2,'C'),('ddb3574b-2791-4491-9378-8a92d823c30d','1736019227708051458','1735607415632121860','1735607415099445249',1,0,2,'C'),('dde5f531-21d8-4a3b-a2a7-b8aa610eebbb','1736019227708051458','1735280594487169028','1735280594021601282',0,1,2,'C'),('dde933c9-22c4-41b8-9c93-fc965e5df7e3','1736019227708051458','1736012602905546754','1736012602448367617',1,0,0,'A'),('df166cfd-487d-4c4a-8f11-79f2a0667e61','1736019227708051458','1735485542151835652','1735485541757571074',1,1,2,'C'),('df1e6717-d202-4da6-a648-ad6e76e5a886','1736019227708051458','1735282283084599298','1735282282623225858',1,0,1,'B'),('df98bbcf-57ee-4f58-b691-61968330bc15','1736019227708051458','1736017674850881540','1736017674389508097',1,1,2,'C'),('e0662b3a-81bc-473e-a8b3-e7ace4ac018d','1736019227708051458','1735283135774019585','1735283135312646146',1,0,0,'A'),('e08c4690-ad2d-481d-975c-04526c386b93','1736019227708051458','1735273647646003202','1735273647176241154',0,0,0,'A'),('e0fc0741-c693-4c1b-96e0-92307750a922','1736019227708051458','1735600273768402946','1735600273307029505',0,0,1,'B'),('e14a1bd9-d37b-4e56-bb4b-99b3ed1c8eb3','1736019227708051458','1735277010324377604','1735277009867198465',1,0,2,'C'),('e24a279d-0776-4912-8833-0246e2691a96','1736019227708051458','1735273410206453763','1735273409740886018',1,0,2,'C'),('e26fc879-3fc0-4715-9082-9a04dd2be737','1736019227708051458','1735280120061054979','1735280119662596097',0,0,0,'A'),('e2c3a04b-5845-4ba2-a261-ac5451a1f8c8','1736019227708051458','1736015588939616258','1736015588461465601',0,0,0,'A'),('e2d44722-5200-47bd-8d8f-869ef23d48ec','1736019227708051458','1736010974039199748','1736010973640740865',1,0,3,'D'),('e2e9e780-ee0a-44d0-bdbc-f42bb1db09c7','1736019227708051458','1735473967068172289','1735473966673907713',1,0,3,'D'),('e3ac050c-f071-4f8d-91a6-d271ab7aba5f','1736019227708051458','1735606498644021250','1735606498182647810',1,0,0,'A'),('e487cc09-303a-4269-b617-f95826ece047','1736019227708051458','1736014443382919170','1736014443051569154',1,0,1,'B'),('e6c8995f-16d9-40d1-b8a2-7481ad629525','1736019227708051458','1735495500268392451','1735495499874127874',1,1,2,'C'),('e713e698-c83b-42a0-b1aa-5935c2c326a4','1736019227708051458','1735482689861537794','1735482688406114306',1,0,1,'B'),('e7217f7d-d52f-4fc5-9400-3b2a5095ab02','1736019227708051458','1735602457268539394','1735602456798777346',1,0,3,'D'),('e795dfdf-c7dc-4ec8-8225-ee664e5ee401','1736019227708051458','1735481537761726467','1735481537367461890',1,0,0,'A'),('e9504f2b-12f7-4e56-b24e-ebcf247fd625','1736019227708051458','1736014761982251010','1736014761655095297',0,0,1,'B'),('ebef270e-c081-4ac1-ac8f-f4e101297f56','1736019227708051458','1736010974039199749','1736010973640740865',1,0,0,'A'),('ecc94142-a451-4df4-9430-08d5ca96d62d','1736019227708051458','1735488984253550594','1735488983792177153',1,0,0,'A'),('ed1dec79-e55d-49ee-8ea5-fffc78e12ff8','1736019227708051458','1735484700854145026','1735484700384382977',0,0,0,'A'),('ed63fcad-e15c-4c90-82a1-5b6de7b136b3','1736019227708051458','1735270601226539011','1735270600760971265',0,0,0,'A'),('ed9eb1a0-2258-4abf-95c3-9049a6e30ac5','1736019227708051458','1735275120131919874','1735275119733460994',1,0,1,'B'),('edc88e4c-3566-4502-a011-a1c6615d4419','1736019227708051458','1736014761982251009','1736014761655095297',1,0,0,'A'),('edcb2d88-660a-4052-8897-92bb5525d0c5','1736019227708051458','1735473316238020613','1735473315839561730',1,0,1,'B'),('ef940f50-57ff-4158-a73b-6adb2a562b45','1736019227708051458','1735281703796690948','1735281703322734593',1,0,2,'C'),('f01945f9-2f2f-42b6-ab4d-3309c34c2ce4','1736019227708051458','1735270137273602051','1735270136799645698',0,0,1,'B'),('f2b6cb75-b19c-405d-92cc-a90948210c9d','1736019227708051458','1735282696030605314','1735282695556648962',1,0,2,'C'),('f2ca31ac-0c19-4cec-83a8-429a584bb289','1736019227708051458','1735494323782897668','1735494323329912833',0,0,3,'D'),('f31aed4a-a92c-4bcf-8aa7-7b76aa47b575','1736019227708051458','1735606498644021252','1735606498182647810',1,0,1,'B'),('f381f3ec-222b-41c9-a2e0-f16d820270eb','1736019227708051458','1736018782528819204','1736018781731901442',0,0,1,'B'),('f4111b9d-1eef-4dea-88fe-b341574d4b73','1736019227708051458','1735472898552451074','1735472898153992193',0,0,1,'B'),('f43b857e-177d-43c2-a8e0-c6f08eab5df5','1736019227708051458','1735282283084599300','1735282282623225858',1,0,2,'C'),('f48f540b-5f65-4c8c-9f41-ba17c1fedd85','1736019227708051458','1736014620978139138','1736014620571291650',1,0,1,'B'),('f54c900f-dce8-465b-9bb5-19b34bd59060','1736019227708051458','1735276780631707651','1735276780166139906',0,0,2,'C'),('f579f272-5306-4b92-8b73-493c9fda3b27','1736019227708051458','1735482797399298049','1735482796946313217',0,0,0,'A'),('f5fcfbfd-7eed-441e-ba9c-f41884d545ff','1736019227708051458','1736016745472806916','1736016744881410049',0,0,3,'D'),('f605696b-6b01-416d-bcb7-43bbdc4c0f0b','1736019227708051458','1735273226638544899','1735273226172977154',1,0,2,'C'),('f6236c06-021d-4d83-b3f6-aa02acfafb3f','1736019227708051458','1736011269917986818','1736011269523722242',1,0,1,'B'),('f6f8e9c2-ff22-43be-8523-26b2db6d59d6','1736019227708051458','1735273410206453762','1735273409740886018',0,1,1,'B'),('f7a52e00-d1b9-44de-92e7-5904a78414e3','1736019227708051458','1735494907625820164','1735494907164446722',0,0,3,'D'),('f7b2cea8-2dec-47d7-b2e6-81ce4f5987b8','1736019227708051458','1735602314213412867','1735602313752039425',0,0,2,'C'),('f9049c21-46b6-4dd6-991b-1a3701ccad54','1736019227708051458','1735282696030605315','1735282695556648962',1,0,0,'A'),('fb537383-0e36-44be-a539-24c38324c866','1736019227708051458','1735274171166445570','1735274170772180993',0,0,3,'D'),('fc93db28-089d-4f2d-a040-3781ce53e94f','1736019227708051458','1735605630871883779','1735605630410510337',0,0,1,'B'),('fc9b3f81-9cf8-4dd1-9a76-ef87e9d9313c','1736019227708051458','1735271401214529538','1735271400753156098',0,0,2,'C'),('fd294df5-c5f3-4ade-bef4-fef0873d6529','1736019227708051458','1735482618411569153','1735482617954390017',1,0,0,'A'),('fd4d4ba8-1dda-45a6-9ebe-e6f820929325','1736019227708051458','1735275575851438081','1735275575448784897',0,0,3,'D'),('fd532517-7b20-4bac-8fd0-e9fde0e59d16','1736019227708051458','1736017948046872578','1736017947577110529',0,0,2,'C'),('fd719dd8-776b-45bd-a004-f459f73553c8','1736019227708051458','1735274576910831618','1735274576441069570',1,0,2,'C'),('fdd7be20-5954-4c77-9f06-e054863b1a33','1735271720443006977','1735270137273602053','1735270136799645698',1,0,1,'B'),('ff5d56ed-5bd4-46a0-a8c5-887d9dbaf908','1736019227708051458','1735483668816285698','1735483668405243906',1,0,1,'B'),('ffc5fb72-9fb3-41be-83f8-79f8ccfaaea8','1736019227708051458','1735483668816285699','1735483668405243906',0,0,0,'A'),('ffcba458-4a34-4d04-85cb-715e1767c989','1736019227708051458','1736013087561568258','1736013087037280257',0,0,0,'A');


DROP TABLE IF EXISTS `tk_qu`;
CREATE TABLE `tk_qu` (
  `id` varchar(64) CHARACTER SET utf8mb4 COLLATE utf8mb4_general_ci NOT NULL COMMENT '题目ID',
  `qu_type` int NOT NULL COMMENT '题目类型',
  `level` int NOT NULL DEFAULT '1' COMMENT '1普通,2较难',
  `image` varchar(500) CHARACTER SET utf8mb4 COLLATE utf8mb4_general_ci NOT NULL DEFAULT '' COMMENT '题目图片',
  `content` varchar(2000) CHARACTER SET utf8mb4 COLLATE utf8mb4_general_ci NOT NULL COMMENT '题目内容',
  `create_time` datetime NOT NULL DEFAULT CURRENT_TIMESTAMP COMMENT '创建时间',
  `update_time` datetime NOT NULL DEFAULT CURRENT_TIMESTAMP COMMENT '更新时间',
  `remark` varchar(255) CHARACTER SET utf8mb4 COLLATE utf8mb4_general_ci NOT NULL DEFAULT '' COMMENT '题目备注',
  `analysis` varchar(2000) CHARACTER SET utf8mb4 COLLATE utf8mb4_general_ci NOT NULL DEFAULT '' COMMENT '整题解析',
  PRIMARY KEY (`id`) USING BTREE,
  KEY `qu_type` (`qu_type`) USING BTREE
) ENGINE=InnoDB DEFAULT CHARSET=utf8mb4 COLLATE=utf8mb4_general_ci COMMENT='试题主表';
insert  into `tk_qu`(`id`,`qu_type`,`level`,`image`,`content`,`create_time`,`update_time`,`remark`,`analysis`) values ('1735269533222522881',1,1,'','关于单据数据的fid说法正确的是？','2023-12-14 20:04:31','2023-12-14 20:04:31','','D'),('1735270136799645698',1,1,'','关于基础资料控件说法不正确的是','2023-12-14 20:06:55','2023-12-14 20:06:55','',''),('1735270342681251842',1,1,'','如果一个单据需要在不同场景下显示不同的界面效果，可以通过一下哪种方式实现?','2023-12-14 20:07:44','2023-12-14 20:07:44','',''),('1735270600760971265',1,1,'','以下命名不符合苍穹开发规范的是?','2023-12-14 20:08:46','2023-12-14 20:08:46','','B'),('1735273226172977154',1,1,'','关于布局以下哪项说法不正确','2023-12-14 20:19:12','2023-12-14 20:19:12','',''),('1735273409740886018',1,1,'','在布局设计里面以下哪种控件可以使用','2023-12-14 20:19:55','2023-12-14 20:19:55','',''),('1735273647176241154',1,1,'','关于单据建模过程中关联关系配置说法错误的是','2023-12-14 20:20:52','2023-12-14 20:20:52','',''),('1735273930736357378',1,1,'','单据列表插件中，可以获取当前焦点所在行数据详情的方法是哪个','2023-12-14 20:22:00','2023-12-14 20:22:00','',''),('1735274576441069570',1,1,'','以下关于权限配置中描述错误的是','2023-12-14 20:24:34','2023-12-14 20:24:34','',''),('1735274899272454146',1,1,'','关于表单、基础资料模板选择以下正确的是','2023-12-14 20:25:51','2023-12-14 20:25:51','',''),('1735275119733460994',1,1,'','现状调研，我们一般从业务现状调研、技术现状调研两个方面入手，以下哪项目不属于业务现状调研范围','2023-12-14 20:26:43','2023-12-14 20:26:43','',''),('1735275575448784897',1,1,'','请选出不属于界面初始化的事件','2023-12-14 20:28:32','2023-12-14 20:28:32','',''),('1735275794924130306',1,1,'','关于单据转换过程中反写说法错误的是','2023-12-14 20:29:24','2023-12-14 20:29:24','',''),('1735276031021502465',1,1,'','一般情况下打开基础资料F7列表时，数据状态为哪种时才可见','2023-12-14 20:30:20','2023-12-14 20:30:20','',''),('1735276238899597313',1,1,'','下列有关多布局开发说法不正确的是','2023-12-14 20:31:10','2023-12-14 20:31:10','',''),('1735276592617836546',1,1,'','单据列表界面插件，下面哪个事件是在列表打开的单据维护界面关闭后返回时触发','2023-12-14 20:32:34','2023-12-14 20:32:34','',''),('1735276780166139906',1,1,'','俗称“只在需要的时候，按需要的量，生产所需的产品”的是','2023-12-14 20:33:19','2023-12-14 20:33:19','',''),('1735277009867198465',1,1,'','以下关于权限分配描述错误的是','2023-12-14 20:34:14','2023-12-14 20:34:14','',''),('1735277294350061569',1,1,'','以下关于itemClick(ltemClickEvent)事件和click(EventObject)事件描述不正确的是','2023-12-14 20:35:22','2023-12-14 20:35:22','',''),('1735277571228651522',1,1,'','关于多布局开发下面说法不正确的是','2023-12-14 20:36:28','2023-12-14 20:36:28','',''),('1735277948447576065',1,1,'','以下关于引入引出描述错误的是','2023-12-14 20:37:57','2023-12-14 20:37:57','',''),('1735278276169519105',1,1,'','关于多布局开发下面说法不正确的是','2023-12-14 20:39:16','2023-12-14 20:39:16','',''),('1735279369322582017',1,1,'','单据列表插件中，对于itemClick事件，以下说法正确的是','2023-12-14 20:43:36','2023-12-14 20:43:36','',''),('1735279615213654018',1,1,'','VBS的作用以下哪一个说法正确','2023-12-14 20:44:35','2023-12-14 20:44:35','',''),('1735280119662596097',1,1,'','Unit表中有字符字段FUnitName，现需将其中FUnitName=米的值修改为·千米，正确的语句是','2023-12-14 20:46:35','2023-12-14 20:46:35','',''),('1735280594021601282',1,1,'','金蝶云苍穹门户配置支持的卡片类型不支持以下哪项','2023-12-14 20:48:28','2023-12-14 20:48:28','',''),('1735280778256404481',1,1,'','如果某普通业务用户 (不是管理员，且不具有系统云的操作权限)TA在门户首页中添加了部分卡片后点击“完成”，请问此时发生变化的是以下哪个方案','2023-12-14 20:49:12','2023-12-14 20:49:12','',''),('1735281516126752769',1,1,'','关于单据表名说法不正确的是','2023-12-14 20:52:08','2023-12-14 20:52:08','',''),('1735281703322734593',1,1,'','以下关于界面插件说法正确的是','2023-12-14 20:52:53','2023-12-14 20:52:53','',''),('1735282005757218817',1,1,'','以下关于权限配置中描述错误的是','2023-12-14 20:54:05','2023-12-14 20:54:05','',''),('1735282282623225858',2,1,'','关于BusinessDataServiceHelper数据加载服务描述正确的是','2023-12-14 20:55:11','2023-12-14 20:55:11','',''),('1735282490723618817',2,1,'','下列关于表单扩展和继承说法正确的是','2023-12-14 20:56:00','2023-12-14 20:56:00','',''),('1735282695556648962',2,1,'','以下关于各流程节点说法正确的是','2023-12-14 20:56:49','2023-12-14 20:56:49','',''),('1735282941514829825',2,1,'','设计报表的主要内容包括','2023-12-14 20:57:48','2023-12-14 20:57:48','',''),('1735283135312646146',2,1,'','关于控件，以下哪几项说法是正确的','2023-12-14 20:58:34','2023-12-14 20:58:34','',''),('1735283536577515521',2,1,'','关于操作类型和操作编码的说法正确的是','2023-12-14 21:00:10','2023-12-14 21:00:10','',''),('1735283745067978754',2,1,'','T-SQL中，以下关于表别名的表述错误的是','2023-12-14 21:01:00','2023-12-14 21:01:00','',''),('1735472898153992193',2,1,'','关于附件面板说法正确的是','2023-12-15 09:32:37','2023-12-15 09:32:37','',''),('1735473110918451201',2,1,'','以下哪个类是通用的数据库查询接口','2023-12-15 09:33:28','2023-12-15 09:33:28','',''),('1735473315839561730',2,1,'','关于视图模型IFormView接口的方法，以下说法正确的是','2023-12-15 09:34:17','2023-12-15 09:34:17','',''),('1735473528784375810',2,1,'','已知某条数据的主键，通过以下哪几项可查出该单据数据的详情','2023-12-15 09:35:07','2023-12-15 09:35:07','',''),('1735473762189004802',2,1,'','关于设置字段在界面上是否显示说法不正确的是','2023-12-15 09:36:03','2023-12-15 09:36:03','',''),('1735473966673907713',2,1,'','标准的列表界面包括以下哪几个视图','2023-12-15 09:36:52','2023-12-15 09:36:52','',''),('1735474153299464194',2,1,'','关于会审节点和审批节点的描述正确的是','2023-12-15 09:37:36','2023-12-15 09:37:36','',''),('1735474437711024130',3,1,'','反写规则里的业务规则是用来对目标单数据进行处理的配置服务','2023-12-15 09:38:44','2023-12-15 09:38:44','',''),('1735474551808675842',3,1,'','业务蓝图作为项目业务TO-BE的实现描述，不用锁定项目的交付范围及目标','2023-12-15 09:39:11','2023-12-15 09:39:11','',''),('1735481224401080322',3,1,'','SaveServiceHelper.Save()方法会直接插入数据到数据库，不会执行其他逻辑，比如操作校验逻辑等','2023-12-15 10:05:42','2023-12-15 10:05:42','',''),('1735481361697427458',3,1,'','工作流的参与人类型支持 (组织/人员)关系、工作流角色、人员、业务插件设置四种','2023-12-15 10:06:15','2023-12-15 10:06:15','',''),('1735481440722309121',3,1,'','全生命周期项目管理指从合同签订开始到交付完成全过程的管理','2023-12-15 10:06:34','2023-12-15 10:06:34','',''),('1735481537367461890',3,1,'','如果客户要求单据编码必须连续，编码规则类型需要选择“新增显示”才能实现不断号','2023-12-15 10:06:57','2023-12-15 10:06:57','',''),('1735481797435281409',3,1,'','多种业务场景使用相同对象，但是使用的属性不同时，如A场景使用用户的name，B场景使用用户的number，使用loadFromCache，需要对用户对象分别进行缓存','2023-12-15 10:07:59','2023-12-15 10:07:59','',''),('1735481916268302338',3,1,'','SaveServiceHelper.Save()方法会直接插入数据到数据库，没有集成其他多余操作，比如校验','2023-12-15 10:08:27','2023-12-15 10:08:27','',''),('1735481986573225986',3,1,'','分散采购是指企业在核心管理层建立专门的采购机构，统一组织和实施企业所需物品的采购业务','2023-12-15 10:08:44','2023-12-15 10:08:44','',''),('1735482060653023233',3,1,'','字段权限是用来控制用户可查询及编辑的字段范围，也称为列权限','2023-12-15 10:09:02','2023-12-15 10:09:02','',''),('1735482131901665281',3,1,'','编码规则分段中的值发生变化后，按编码规则重新生成编码。要实时显示效果还需打开编码字段的即时触发值更新属性','2023-12-15 10:09:19','2023-12-15 10:09:19','',''),('1735482549952139265',3,1,'','单据头和单据体都可以实现引入、引出数据的功能','2023-12-15 10:10:58','2023-12-15 10:10:58','',''),('1735482617954390017',3,1,'','一个单据有A、B两个单据体，列表设计器可以同时添加A、B单据体中的字段，但预览时不能同时显示A、B单据体中的字段','2023-12-15 10:11:14','2023-12-15 10:11:14','',''),('1735482688406114306',3,1,'','开发后台任务需要继承AbstractTask或实现接口kd.bosschedule.api.Task','2023-12-15 10:11:31','2023-12-15 10:11:31','',''),('1735482796946313217',3,1,'','开启了整单撤回，在流程最后一个审批人处理之前，流程发起人可撤回流程','2023-12-15 10:11:57','2023-12-15 10:11:57','',''),('1735483513148887041',3,1,'','只要是操作都受权限控制','2023-12-15 10:14:48','2023-12-15 10:14:48','',''),('1735483584384946178',3,1,'','选单操作是在有单据转换关系的下游单据中选择上游单据','2023-12-15 10:15:05','2023-12-15 10:15:05','',''),('1735483668405243906',3,1,'','同一个单据中有多个单据体，则新增分录操作需要分别绑定不同的单据体','2023-12-15 10:15:25','2023-12-15 10:15:25','',''),('1735483740035567618',3,1,'','不同的容器可以添加的控件和字段是不一样的，比如字段布局面板里可以添加通用字段和业务字段，不能添加通用控件','2023-12-15 10:15:42','2023-12-15 10:15:42','',''),('1735483814408966146',3,1,'','单据头和单据体都可以通过配置模板来实现单独引入、引出数据的功能','2023-12-15 10:16:00','2023-12-15 10:16:00','',''),('1735484291116781570',1,1,'','以下说法不正确的是','2023-12-15 10:17:53','2023-12-15 10:17:53','',''),('1735484509669380097',2,1,'','苍穹平台提供了大量的基础功能以减少插件开发，实现业务构建的灵活快速，但有些情况下仍不得不开发插件。以下对必须要用插件实现的场景有哪些','2023-12-15 10:18:46','2023-12-15 10:18:46','',''),('1735484631144812546',3,1,'','反写规则只能用于有上下游转换关系的单据间','2023-12-15 10:19:14','2023-12-15 10:19:14','',''),('1735484700384382977',3,1,'','数据建模中设置\"创建人\"字段按\"当前用户名称\"这个系统变量过滤,发布后,被授权人也只能看到\"创建人\"为他自己的数据','2023-12-15 10:19:31','2023-12-15 10:19:31','',''),('1735484877526618113',1,1,'','关于列表属性描述不正确的是','2023-12-15 10:20:13','2023-12-15 10:20:13','',''),('1735484995483029506',3,1,'','树形基础资料也是左树右表显示的,分组字段就是本身,分组字段是可以被选择返回F7','2023-12-15 10:20:41','2023-12-15 10:20:41','',''),('1735485541757571074',1,1,'','以下哪个事件接口不属于AbstractFormPlugin的事件接口','2023-12-15 10:22:52','2023-12-15 10:22:52','',''),('1735487493086203905',1,1,'','关于打印,以下说法错误的是','2023-12-15 10:30:37','2023-12-15 10:30:37','',''),('1735488983792177153',2,1,'','门户首页三种方案正确的加载顺序为','2023-12-15 10:36:32','2023-12-15 10:36:32','','BCA'),('1735489155188215810',1,1,'','单据列表界面插件，下面哪个事件是在列表打开的单据维护界面关闭后返回时触发','2023-12-15 10:37:13','2023-12-15 10:37:13','',''),('1735494323329912833',1,1,'','关于confirmCallBack事件和closedCallBack描述不准确的是','2023-12-15 10:57:45','2023-12-15 10:57:45','',''),('1735494477831294978',1,1,'','关于界面规则和业务规则描述，以下哪种说法不正确','2023-12-15 10:58:22','2023-12-15 10:58:22','',''),('1735495044863447042',1,1,'','开发出现问题无法排查到原因要咨询别人时，以下哪些做法错误的','2023-12-15 11:00:37','2023-12-15 11:00:37','',''),('1735495272161169410',1,1,'','关于编码规则的适用范围说法错误的是','2023-12-15 11:01:31','2023-12-15 11:01:31','',''),('1735495499874127874',1,1,'','单据列表插件中，可以获取当前焦点所在行数据详情的方法是哪个','2023-12-15 11:02:26','2023-12-15 11:02:26','',''),('1735495718351228929',1,1,'','如果某普通业务用户(不是管理员，且不具有系统云的操作权限参，TA在门户首页中添加了部分卡片后点击“完成”\"。请问此时发生变化的是以下哪个方案','2023-12-15 11:03:18','2023-12-15 11:03:18','',''),('1735599980175511554',1,1,'','T-SQL中，数据查询的命令关键字是','2023-12-15 17:57:36','2023-12-15 17:57:36','',''),('1735600273307029505',1,1,'','业务蓝图设计包含的内容，正确的答案是','2023-12-15 17:58:46','2023-12-15 17:58:46','',''),('1735600533622312961',1,1,'','假设单据A注册了插件K，并已实现了各个方法。现在从单据A的列表界面点击一条数据进入到编辑界面的过程中，以下哪个事件不会触发','2023-12-15 17:59:48','2023-12-15 17:59:48','',''),('1735600754251091969',1,1,'','关于业务蓝图的描述错误的是','2023-12-15 18:00:40','2023-12-15 18:00:40','',''),('1735602313752039425',1,1,'','以下关于itemclick(ItemClickEvent)事件和click(EventObject)事件描述不正确的是','2023-12-15 18:06:52','2023-12-15 18:06:52','',''),('1735602456798777346',1,1,'','在金蝶云苍穹的架构中，微服务控制的最小粒度是什么','2023-12-15 18:07:26','2023-12-15 18:07:26','',''),('1735603421148958722',1,1,'','界面规则不可以实现以下哪项效果','2023-12-15 18:11:16','2023-12-15 18:11:16','',''),('1735604635517407233',1,1,'','在财务云新建应用时,其所属分库默认是以下哪个','2023-12-15 18:16:06','2023-12-15 18:16:06','',''),('1735604791369355265',1,1,'','如果需要修改打印数据的来源应该在以下哪个方法中实现','2023-12-15 18:16:43','2023-12-15 18:16:43','',''),('1735604984194093058',2,1,'','关于按钮/工具栏项说法正确的是','2023-12-15 18:17:29','2023-12-15 18:17:29','',''),('1735605630410510337',2,1,'','关于苍穹日志输出规范中正确的','2023-12-15 18:20:03','2023-12-15 18:20:03','',''),('1735606498182647810',2,1,'','关于QueryServiceHelper说法正确的是','2023-12-15 18:23:30','2023-12-15 18:23:30','',''),('1735607044792733697',2,1,'','控件与字段的说法正确的是','2023-12-15 18:25:40','2023-12-15 18:25:40','',''),('1735607415099445249',2,1,'','T-SQL中，TRUNCATETABLE TABLE语句的特点是','2023-12-15 18:27:08','2023-12-15 18:27:08','',''),('1736010973640740865',2,1,'','关于首页方案以下哪几项说法是正确的','2023-12-16 21:10:44','2023-12-16 21:10:44','',''),('1736011269523722242',2,1,'','可将“共享方案\"另存为个性化方案','2023-12-16 21:11:55','2023-12-16 21:11:55','',''),('1736011499572908034',2,1,'','单据转换中单据体合并策略有','2023-12-16 21:12:50','2023-12-16 21:12:50','',''),('1736012602448367617',2,1,'','关于字段【隐藏】属性和【可见性】属性的说法正确的是','2023-12-16 21:17:13','2023-12-16 21:17:13','',''),('1736013087037280257',2,1,'','关于流程管理员的描述正确的是','2023-12-16 21:19:08','2023-12-16 21:19:08','',''),('1736013344362024961',2,1,'','操作的校验规则类型包括以下哪几种','2023-12-16 21:20:10','2023-12-16 21:20:10','',''),('1736013833187184642',2,1,'','会审节点的投票模式包括以下哪几种','2023-12-16 21:22:06','2023-12-16 21:22:06','',''),('1736014063190233089',3,1,'','用户需具有系统云——系统管理——首页定制页面的修改权限才能设置默认方案','2023-12-16 21:23:01','2023-12-16 21:23:01','',''),('1736014140730331138',3,1,'','移动轻应用支持将可视化结果分享到云之家群组，群组用户可自由分享、查阅、评论和沟通数据内容','2023-12-16 21:23:19','2023-12-16 21:23:19','',''),('1736014234250727426',3,1,'','只有web端可查看和修改单据摘要','2023-12-16 21:23:42','2023-12-16 21:23:42','',''),('1736014345961820162',3,1,'','要监听用户与界面上的控件交互，可以在registerListener事件中注册监听','2023-12-16 21:24:08','2023-12-16 21:24:08','',''),('1736014443051569154',3,1,'','文本字段默认不支持点击事件，但可以修改编辑风格属性，来支持点击触发click事件','2023-12-16 21:24:31','2023-12-16 21:24:31','',''),('1736014536030900226',3,1,'','在流程第一个审批人未处理时，流程发起人可随时整单撤回流程','2023-12-16 21:24:54','2023-12-16 21:24:54','',''),('1736014620571291650',3,1,'','KDE脚本开发工具无需安装本地环境、可随时随地可以修改代码、代码无需编译，直接生效','2023-12-16 21:25:14','2023-12-16 21:25:14','',''),('1736014693946445826',3,1,'','单据头和单据体(分录)的业务规则均可以在单据根节点的业务规则设置','2023-12-16 21:25:31','2023-12-16 21:25:31','',''),('1736014761655095297',3,1,'','特殊数据权限用来控制特殊场景下的操作和数据权限','2023-12-16 21:25:47','2023-12-16 21:25:47','',''),('1736014838427635714',3,1,'','SOW主要是保障乙方的利益','2023-12-16 21:26:06','2023-12-16 21:26:06','',''),('1736014958145654786',3,1,'','单据需要使用权限的话需要在设计器的权限控制里开启【控制功能权限】','2023-12-16 21:26:34','2023-12-16 21:26:34','',''),('1736015110482776065',3,1,'','全功能用户可以给其他用户授权','2023-12-16 21:27:11','2023-12-16 21:27:11','',''),('1736015524808708097',3,1,'','如果流程节点配置了工作流角色。在流程运行期。会根据单据中的组织字段值动态确定工作流角色中的相关人员为任务接收人','2023-12-16 21:28:49','2023-12-16 21:28:49','',''),('1736015588461465601',3,1,'','企业运营模式是指对企业经营过程的计划、组织、实施和控制，是与产品生产和服务创造密切相关的各项管理工作的总称','2023-12-16 21:29:05','2023-12-16 21:29:05','',''),('1736015712298291202',3,1,'','动态表单是最基本的交互界面，移动端表单、单据、基础资料、,报表，都是基于动态表单，表单的视图模型、数据模型、插件模型等，会被这些业务对象继承扩展','2023-12-16 21:29:34','2023-12-16 21:29:34','',''),('1736015832767090689',3,1,'','方案阶段的工作过程可以描述为:项目组组织客户设计、研讨与确认业务蓝图和系统环境配置方案，包括业务流程、数据、集成、接口、权限等内容，并获得客户签字确认','2023-12-16 21:30:03','2023-12-16 21:30:03','',''),('1736016744881410049',1,1,'','如需保证某控件在页面始终不被拉伸/压缩，应将其扩展/压缩比率设置为?','2023-12-16 21:33:40','2023-12-16 21:33:40','',''),('1736016964906209281',1,1,'','以下哪项不是单据的业务控制属性中的功能','2023-12-16 21:34:33','2023-12-16 21:34:33','',''),('1736017135085899778',1,1,'','以下哪项属于流程设计的节点','2023-12-16 21:35:13','2023-12-16 21:35:13','',''),('1736017422047596545',1,1,'','反写规则中可以配置反写公式，下列关于反写公式说法错误的是','2023-12-16 21:36:22','2023-12-16 21:36:22','',''),('1736017674389508097',1,1,'','以下哪项路径可以新增开放API服务','2023-12-16 21:37:22','2023-12-16 21:37:22','',''),('1736017947577110529',1,1,'','标准单据列表是加载的以下哪个页面','2023-12-16 21:38:27','2023-12-16 21:38:27','',''),('1736018151080546306',1,1,'','配置一个后台任务正确的步骤是 ① 定义调度计划 ② 创建调度作业 ③ 注册调度任务类名 ④ 查看执行结果','2023-12-16 21:39:16','2023-12-16 21:39:16','','②①③④'),('1736018404831744001',1,1,'','以下哪项是配置消息服务的路径','2023-12-16 21:40:16','2023-12-16 21:40:16','',''),('1736018781731901442',1,1,'','单据反写规则插件需要继承( )类','2023-12-16 21:41:46','2023-12-16 21:41:46','',''),('1736018975064150018',1,1,'','在金蝶s-HR产品绩效管理中，下列哪项不是实现矩阵式考核所必须的的特性?','2023-12-16 21:42:32','2023-12-16 21:42:32','',''),('1736023410469326849',1,1,'','供应链的组成要素之间通过（）建立起相互联系的关系','2023-12-16 22:00:09','2023-12-16 22:00:09','',''),('1736023648999395330',1,1,'','金蝶云苍穹的首页共享方案的共享范围是以下哪个维度','2023-12-16 22:01:06','2023-12-16 22:01:06','',''),('1736024614435901441',1,1,'','关于单据转换及反写的描述，下面哪项说法不正确','2023-12-16 22:04:57','2023-12-16 22:04:57','','');


DROP TABLE IF EXISTS `tk_qu_answer`;
CREATE TABLE `tk_qu_answer` (
  `id` varchar(64) CHARACTER SET utf8mb4 COLLATE utf8mb4_general_ci NOT NULL COMMENT '答案ID',
  `qu_id` varchar(64) CHARACTER SET utf8mb4 COLLATE utf8mb4_general_ci NOT NULL COMMENT '问题ID',
  `is_right` tinyint NOT NULL DEFAULT '0' COMMENT '是否正确',
  `image` varchar(500) CHARACTER SET utf8mb4 COLLATE utf8mb4_general_ci NOT NULL DEFAULT '' COMMENT '选项图片',
  `content` varchar(5000) CHARACTER SET utf8mb4 COLLATE utf8mb4_general_ci NOT NULL DEFAULT '' COMMENT '答案内容',
  `analysis` varchar(5000) CHARACTER SET utf8mb4 COLLATE utf8mb4_general_ci NOT NULL DEFAULT '' COMMENT '答案分析',
  PRIMARY KEY (`id`) USING BTREE,
  KEY `qu_id` (`qu_id`) USING BTREE
) ENGINE=InnoDB DEFAULT CHARSET=utf8mb4 COLLATE=utf8mb4_general_ci COMMENT='试题答案选项';
insert  into `tk_qu_answer`(`id`,`qu_id`,`is_right`,`image`,`content`,`analysis`) values ('1735269533696479233','1735269533222522881',0,'','默认情况下单据体表中的fid字段是唯一索引','D'),('1735269533696479234','1735269533222522881',0,'','fid是通过setvalue赋值生成的',''),('1735269533696479235','1735269533222522881',0,'','fid是单据元数据的唯一标识',''),('1735269533696479236','1735269533222522881',1,'','默认情况下fid是平台自动生成的',''),('1735270137273602050','1735270136799645698',0,'','必须配置基础资料类型',''),('1735270137273602051','1735270136799645698',0,'','可以通过设置过滤条件设置F7选择列表的数据范围',''),('1735270137273602052','1735270136799645698',0,'','勾选[快速新增]后支持在选择F7数据时新增基础资料数据',''),('1735270137273602053','1735270136799645698',1,'','F7选择列表只能选择启用的数据，无法通过配置实现可以选择禁用的数据',''),('1735270343088099329','1735270342681251842',1,'','布局',''),('1735270343088099330','1735270342681251842',0,'','卡片',''),('1735270343088099331','1735270342681251842',0,'','动态表单',''),('1735270601226539009','1735270600760971265',0,'','扩展的项目命名abcd-fi-gl-formplugin-ext',''),('1735270601226539010','1735270600760971265',1,'','二开单据表名t_abcd_demo_bill',''),('1735270601226539011','1735270600760971265',0,'','表单插件命名OrangeBillPlugin',''),('1735270601226539012','1735270600760971265',0,'','二开控件字段fk_abcd_textfield',''),('1735273226638544898','1735273226172977154',0,'','单据和基础资料都可以进行布局开发',''),('1735273226638544899','1735273226172977154',1,'','列表无法配置从列表打开单据是打开哪个布局',''),('1735273226638544900','1735273226172977154',0,'','一个单据可以做多个布局',''),('1735273226638544901','1735273226172977154',0,'','一个单据可以做多个布局',''),('1735273410206453762','1735273409740886018',0,'','业务字段',''),('1735273410206453763','1735273409740886018',1,'','通用控件',''),('1735273410206453764','1735273409740886018',0,'','通用字段',''),('1735273410206453765','1735273409740886018',0,'','单据体',''),('1735273647646003202','1735273647176241154',0,'','关联子表的必须配置反写字段',''),('1735273647646003203','1735273647176241154',0,'','关联关系配置用于记录单据转换过程中的信息，信息内容包含上游单据信息、反写字段等',''),('1735273647646003204','1735273647176241154',0,'','关联追踪表，用于上查源单',''),('1735273647646003205','1735273647176241154',1,'','反写记录表，用于回滚源单',''),('1735273931201925121','1735273930736357378',0,'','getSelectedRows',''),('1735273931201925122','1735273930736357378',0,'','getFocusRow',''),('1735273931201925123','1735273930736357378',0,'','getFocusRow',''),('1735273931201925124','1735273930736357378',1,'','getCurrentSelectedRowlnfo',''),('1735274576910831618','1735274576441069570',1,'','特殊数据权限需要和功能权限配合使用',''),('1735274576910831619','1735274576441069570',0,'','\"数据规则\"用于控制用户查询数据行的范围',''),('1735274576910831620','1735274576441069570',0,'','如果单据界面需要根据不同的用户显示不同的内容可以通过字段权限实现',''),('1735274576910831621','1735274576441069570',0,'','业务的操作如增查改通过功能权限来控制',''),('1735274899742216194','1735274899272454146',0,'','树形基础资料模板支持控制策略',''),('1735274899742216195','1735274899272454146',1,'','有组织隔离的话需要选择带组织的模板',''),('1735274899742216196','1735274899272454146',0,'','基础资料存在父子结构时需要选择分组基础资料模板',''),('1735274899742216197','1735274899272454146',0,'','主业务组织只能用模板自带的组织字段',''),('1735275120131919874','1735275119733460994',1,'','了解网络架构',''),('1735275120131919875','1735275119733460994',0,'','重视流程梳理',''),('1735275120131919876','1735275119733460994',0,'','明确数据内容',''),('1735275120199028738','1735275119733460994',0,'','.细化项目定位',''),('1735275575851438081','1735275575448784897',0,'','afterCreateNewData(EventObiect)',''),('1735275575851438082','1735275575448784897',0,'','initialize()',''),('1735275575851438083','1735275575448784897',0,'','beforeBindData(EventObiect)',''),('1735275575851438084','1735275575448784897',1,'','beforeDoOperation(BeforeDoOperationEventArgs)',''),('1735275795448418305','1735275794924130306',0,'','已经关闭的行，可通过设置转换路线的数据范围不参与单据转换',''),('1735275795448418306','1735275794924130306',0,'','触发反写的时机是上游单据保存、审核的时候',''),('1735275795448418307','1735275794924130306',0,'','反写规则中“整单关闭字段”只能选择控件类型是单据状态的字段',''),('1735275795448418308','1735275794924130306',1,'','反写规则中“行关闭字段”只能选择控件类型是单据状态的字段',''),('1735276031487070209','1735276031021502465',0,'','暂存',''),('1735276031487070210','1735276031021502465',1,'','已审核',''),('1735276031487070211','1735276031021502465',0,'','已提交',''),('1735276031487070212','1735276031021502465',0,'','以上均可以',''),('1735276239365165057','1735276238899597313',0,'','新增一个布局必须选择一个业务实体',''),('1735276239365165058','1735276238899597313',0,'','新增一个布局可以选择继承原单或者创建一个空白单',''),('1735276239365165059','1735276238899597313',1,'','新增的布局中可以新增字段，保存时也会在表中新加一个字段',''),('1735276239365165060','1735276238899597313',0,'','新增一个布局的业务实体可以选择单据也可以选择基础资料',''),('1735276593016295425','1735276592617836546',0,'','beforeClosed',''),('1735276593016295426','1735276592617836546',1,'','billClosedCallBack',''),('1735276593016295427','1735276592617836546',0,'','beforeShowBill',''),('1735276593016295428','1735276592617836546',0,'','closedCallBack',''),('1735276780631707649','1735276780166139906',1,'','JIT',''),('1735276780631707650','1735276780166139906',0,'','MRP',''),('1735276780631707651','1735276780166139906',0,'','MRP II',''),('1735276780631707652','1735276780166139906',0,'','ERP',''),('1735277010324377601','1735277009867198465',0,'','以下关于权限分配描述错误的是',''),('1735277010324377602','1735277009867198465',0,'','业务角色建立通用角色、用户、组织三方的关系',''),('1735277010324377603','1735277009867198465',0,'','一个业务角色可以包含多种通用角色',''),('1735277010324377604','1735277009867198465',1,'','用户授权中“复制权限”功能只能复制直接授权的权限',''),('1735277294756909058','1735277294350061569',0,'','click(EventObject)事件主要适用场景是监听表单上的元素',''),('1735277294756909059','1735277294350061569',1,'','itemClick(ltemClickEvent)事件和click(EventObject)事件可以通用',''),('1735277294756909060','1735277294350061569',0,'','itemClick(ltemClickEvent)事件主要适用场景是监听工具栏上元素项',''),('1735277294756909061','1735277294350061569',0,'','itemClick(ltemClickEvent)事件是通过key判断点击的是哪个元素',''),('1735277571752939522','1735277571228651522',0,'','一个业务实体可以开发多个布局',''),('1735277571752939523','1735277571228651522',1,'','布局不能发布菜单',''),('1735277571752939524','1735277571228651522',0,'','布局除了不能增加字段，可以增加通用控件，并且可以控制原有字段的可见性和锁定性',''),('1735277571752939525','1735277571228651522',0,'','开发布局选择类型为继承时，新建的布局跟业务实体界面一模一样',''),('1735277948913143810','1735277948447576065',0,'','\"添加新数据\"引入的时候只有在保存操作上设置唯一效验规则才生效',''),('1735277948913143811','1735277948447576065',1,'','不能引入单据状态为“已审核”的数据',''),('1735277948913143812','1735277948447576065',0,'','\"更新已有数据\"并添加新数据模式下如果导入的数据与库中数据有重复那就更新该数据，如果没有就新增',''),('1735277948913143813','1735277948447576065',0,'','\"更新已有数据\"模式下引入的数据如果与数据库中的数据不匹配则不会更新',''),('1735278276639281153','1735278276169519105',0,'','一个业务实体可以开发多个布局',''),('1735278276639281154','1735278276169519105',0,'','布局除了不能增加字段，可以增加通用控件，并且可以控制原有字段的可见性和锁定性',''),('1735278276639281155','1735278276169519105',1,'','布局不能发布菜单',''),('1735278276639281156','1735278276169519105',0,'','开发布局选择类型为继承时，新建的布局跟业务实体界面一模一样',''),('1735279369788149762','1735279369322582017',0,'','可在该事件取消按钮操作',''),('1735279369788149763','1735279369322582017',0,'','用户点击列表主菜单按钮前触发',''),('1735279369788149764','1735279369322582017',1,'','用户点击某一条单据进入单据详情后触发',''),('1735279369788149765','1735279369322582017',0,'','用户点击列表主菜单按钮时触发',''),('1735279615750524929','1735279615213654018',0,'','VBS分解的需求主要在交付阶段使用',''),('1735279615750524930','1735279615213654018',0,'','VBS分解的需求只在售前阶段使用',''),('1735279615750524931','1735279615213654018',0,'','VBS分解的需求只对当前的项目有用',''),('1735279615750524932','1735279615213654018',1,'','通过VBS可以将客户笼统、模糊的需求分解为明确、详细的需求',''),('1735280120061054977','1735280119662596097',1,'','update Unit set FUnitName =千米 where FUnitName =米',''),('1735280120061054978','1735280119662596097',0,'','update Unit.FUnitName =千米 where Unit.FUnitName =米',''),('1735280120061054979','1735280119662596097',0,'','update Unit.FUnitName =千米 where FUnitName =米',''),('1735280120061054980','1735280119662596097',0,'','update FUnitName =千米 from Unit where FUnitName =米',''),('1735280594487169025','1735280594021601282',0,'','快速发起卡片',''),('1735280594487169026','1735280594021601282',0,'','单据统计卡片',''),('1735280594487169027','1735280594021601282',1,'','工作流卡片',''),('1735280594487169028','1735280594021601282',0,'','轻分析卡片',''),('1735280778709389314','1735280778256404481',0,'','默认方案',''),('1735280778709389315','1735280778256404481',0,'','共享方案',''),('1735280778709389316','1735280778256404481',1,'','个性方案',''),('1735281516529405953','1735281516126752769',1,'','继承单据和源单必须共同一个表名',''),('1735281516529405954','1735281516126752769',0,'','单据表名命名规范推荐以tk开头',''),('1735281516529405955','1735281516126752769',0,'','扩展单据表名和源单必须共用一个表名',''),('1735281516529405956','1735281516126752769',0,'','单据表名即数据库表名称',''),('1735281703796690946','1735281703322734593',0,'','单据界面只能注册一个插件',''),('1735281703796690947','1735281703322734593',0,'','注册iava插件时的插件路径填写的是iava插件类的绝对路径',''),('1735281703796690948','1735281703322734593',1,'','同一单据多个插件按注册顺序执行',''),('1735281703796690949','1735281703322734593',0,'','同一单据多个插件的执行顺序随机',''),('1735282006298284033','1735282005757218817',1,'','基础资料与业务单据可以设置特殊数据权限，特殊数据权限必须和功能权限组合使用',''),('1735282006298284034','1735282005757218817',0,'','如果单据界面需要根据不同的用户显示不同的内容可以通过字段权限实现',''),('1735282006298284035','1735282005757218817',0,'','\"数据规则\"用于控制用户查询数据行的范围',''),('1735282006298284036','1735282005757218817',0,'','业务的操作如增删查改通过功能权限来控制',''),('1735282283084599297','1735282282623225858',0,'','loadFromCache方法是从缓存中取数据，如果缓存没有则会报错',''),('1735282283084599298','1735282282623225858',1,'','load方法是从数据库加载多条数据',''),('1735282283084599299','1735282282623225858',0,'','load方法必须要传参数selectProperties才能查出数据',''),('1735282283084599300','1735282282623225858',1,'','newDynamicObject方法可以创建一个单据空对象',''),('1735282491193380866','1735282490723618817',0,'','下列关于表单扩展和继承说法正确的是',''),('1735282491193380867','1735282490723618817',0,'','一个表单可以被扩展多次',''),('1735282491193380868','1735282490723618817',1,'','一个表单可以被继承多次',''),('1735282491193380869','1735282490723618817',1,'','继承的表单拥有独立于父页面的权限项',''),('1735282696030605314','1735282695556648962',1,'','消息节点支持发送云之家、短信、邮件消息',''),('1735282696030605315','1735282695556648962',1,'','通过自动节点可以自动调用脚本、插件、单据操作',''),('1735282696030605316','1735282695556648962',1,'','默认的人工节点的[参与人可选择的操作] 选择“保存”时，用户“保存”单据时会进入流程',''),('1735282696030605317','1735282695556648962',1,'','开始节点不允许有流入的线，结束节点不允许有流出的线',''),('1735282941913288706','1735282941514829825',0,'','实现数据存储',''),('1735282941913288707','1735282941514829825',1,'','配置报表列表字段',''),('1735282941913288708','1735282941514829825',1,'','配置过滤条件',''),('1735282941913288709','1735282941514829825',1,'','配置数据源',''),('1735283135774019585','1735283135312646146',1,'','用户字段本质是一个基础资料字段，可以配置默认值为当前用户',''),('1735283135774019586','1735283135312646146',1,'','金额字段是特殊的小数字段，其精度由其绑定的币别的精度控制',''),('1735283135774019587','1735283135312646146',0,'','小数字段控件编程模型是DoubleEdit',''),('1735283135774019588','1735283135312646146',0,'','\"基础资料属性\"字段不会保存数据到数据库表中',''),('1735283537038888962','1735283536577515521',1,'','一个操作类型可以和多个操作编码绑定',''),('1735283537038888963','1735283536577515521',1,'','一个操作编码只能绑定一个操作类型',''),('1735283537038888964','1735283536577515521',0,'','一个操作编码可以绑定多个操作类型',''),('1735283537038888965','1735283536577515521',0,'','一个操作类型只能和一个操作编码绑定',''),('1735283745466437633','1735283745067978754',1,'','表别名定义时，可以用任意的字符',''),('1735283745466437634','1735283745067978754',0,'','表别名一般在FROM子句中定义',''),('1735283745466437635','1735283745067978754',0,'','一但在语句中定义了表别名，就应在该语句中其它位置使用表别名来引用表',''),('1735283745466437636','1735283745067978754',1,'','一但使用表别名，该语句中的其它表也应当使用表别名',''),('1735472898552451073','1735472898153992193',0,'','附件面板可直接通过this.getModel().setValue赋值',''),('1735472898552451074','1735472898153992193',0,'','附件面板的数据保存在所在单据/基础资料中表的',''),('1735472898552451075','1735472898153992193',1,'','附件面板可以设置上传的附件格式',''),('1735472898552451076','1735472898153992193',1,'','附件面板不可以添加到单据体中',''),('1735473111321104386','1735473110918451201',1,'','kd.bos.servicehelper.BusinessDataServiceHelper',''),('1735473111321104387','1735473110918451201',0,'','kd.bos.servicehelper.operation.DeleteServiceHelper',''),('1735473111321104388','1735473110918451201',1,'','kd.bos.servicehelper.QueryServiceHelpel',''),('1735473111321104389','1735473110918451201',0,'','kd.fi.er.business.trip.service.DataServiceHelper',''),('1735473316238020610','1735473315839561730',1,'','getControl获取表单的控件实例',''),('1735473316238020611','1735473315839561730',1,'','getEntityld获取表单对应的主实体标识',''),('1735473316238020612','1735473315839561730',1,'','getModel获取表单数据模型实例',''),('1735473316238020613','1735473315839561730',1,'','getParentView获取父表单视图模型实例',''),('1735473529249943554','1735473528784375810',1,'','QueryServiceHelper.query',''),('1735473529249943555','1735473528784375810',1,'','BusinessDataServiceHelper.loadSingle',''),('1735473529249943556','1735473528784375810',1,'','ORM.create().query()',''),('1735473529249943557','1735473528784375810',1,'','BusinessDataServiceHelper.load',''),('1735473762650378242','1735473762189004802',1,'','设置字段不可见属性和隐藏属性不能一起使用，会抛异常',''),('1735473762650378243','1735473762189004802',0,'','设置字段隐藏之后表单的不会加载相关视图和数据模型',''),('1735473762650378244','1735473762189004802',0,'','在扩展的单据中，不能删除父类模板的字段，如果不需要，把可见性都取消即可',''),('1735473762650378245','1735473762189004802',1,'','因为设置[不可见]和[隐藏]都可以达到界面不可见效果，所以可以都用隐藏替代，比较简单',''),('1735473967068172289','1735473966673907713',1,'','卡片视图',''),('1735473967068172290','1735473966673907713',1,'','表格视图',''),('1735473967068172291','1735473966673907713',1,'','轻分析视图',''),('1735473967068172292','1735473966673907713',0,'','布局视图',''),('1735474153702117378','1735474153299464194',1,'','会审节点不能对单据进行修改，但是普通审批节点可以',''),('1735474153702117379','1735474153299464194',1,'','会审审批后不能撤回，但是普通审批节点可以撤回',''),('1735474153702117380','1735474153299464194',0,'','会审节点可以没有参与人跳过，但是普通审批节点不可以',''),('1735474153702117381','1735474153299464194',1,'','会审节点不能修改下一步参与人，但是普通审批节点可以',''),('1735474438101094402','1735474437711024130',1,'','正确',''),('1735474438101094403','1735474437711024130',0,'','错误',''),('1735474552207134721','1735474551808675842',0,'','正确',''),('1735474552207134722','1735474551808675842',1,'','错误',''),('1735481224870842370','1735481224401080322',1,'','正确',''),('1735481224870842371','1735481224401080322',0,'','错误',''),('1735481362095886337','1735481361697427458',1,'','正确',''),('1735481362095886338','1735481361697427458',0,'','错误',''),('1735481441120768002','1735481440722309121',1,'','正确',''),('1735481441120768003','1735481440722309121',0,'','错误',''),('1735481537761726466','1735481537367461890',0,'','正确',''),('1735481537761726467','1735481537367461890',1,'','错误',''),('1735481797829545986','1735481797435281409',0,'','正确',''),('1735481797829545987','1735481797435281409',1,'','错误',''),('1735481916721287169','1735481916268302338',1,'','正确',''),('1735481916721287170','1735481916268302338',0,'','错误',''),('1735481986971684866','1735481986573225986',0,'','正确',''),('1735481986971684867','1735481986573225986',1,'','错误',''),('1735482061114396674','1735482060653023233',1,'','正确',''),('1735482061114396675','1735482060653023233',0,'','错误',''),('1735482135668150274','1735482131901665281',1,'','正确',''),('1735482135668150275','1735482131901665281',0,'','错误',''),('1735482550287683586','1735482549952139265',1,'','正确',''),('1735482550287683587','1735482549952139265',0,'','错误',''),('1735482618411569153','1735482617954390017',1,'','正确',''),('1735482618411569154','1735482617954390017',0,'','错误',''),('1735482689861537794','1735482688406114306',1,'','正确',''),('1735482689861537795','1735482688406114306',0,'','错误',''),('1735482797399298049','1735482796946313217',0,'','正确',''),('1735482797399298050','1735482796946313217',1,'','错误',''),('1735483513555734529','1735483513148887041',1,'','正确',''),('1735483513555734530','1735483513148887041',0,'','错误',''),('1735483584850513922','1735483584384946178',1,'','正确',''),('1735483584850513923','1735483584384946178',0,'','错误',''),('1735483668816285698','1735483668405243906',1,'','正确',''),('1735483668816285699','1735483668405243906',0,'','错误',''),('1735483740438220801','1735483740035567618',1,'','正确',''),('1735483740438220802','1735483740035567618',0,'','错误',''),('1735483814815813633','1735483814408966146',1,'','正确',''),('1735483814815813634','1735483814408966146',0,'','错误',''),('1735484291519434753','1735484291116781570',0,'','可通过kd.bos.mvc.form.FormView.showForm实现弹窗',''),('1735484291519434754','1735484291116781570',0,'','可通过AbstractFormDataModel.batchCreateNewEntryRow生成新分录',''),('1735484291519434755','1735484291116781570',0,'','可通过kd.bos.entity.datamodel.AbstractFormDataModel.setValue进行字段赋值',''),('1735484291519434756','1735484291116781570',1,'','可通过kd.bos.form.abstractFormView.showmessage弹出错误提示框',''),('1735484510143336450','1735484509669380097',0,'','按单据审核状态锁定或解锁字段或按钮',''),('1735484510143336451','1735484509669380097',0,'','对单据的必须字段进行必录校验',''),('1735484510143336452','1735484509669380097',1,'','选择基础资料后，将基础资料上的属性值赋值到单据的其它字段',''),('1735484510143336453','1735484509669380097',1,'','没有单据转换关系的单据间数据修改时同步更新',''),('1735484631601991682','1735484631144812546',0,'','正确',''),('1735484631601991683','1735484631144812546',1,'','错误',''),('1735484700854145025','1735484700384382977',1,'','正确',''),('1735484700854145026','1735484700384382977',0,'','错误',''),('1735484878059294721','1735484877526618113',0,'','用户有拖动的列宽(个性化数据列宽) > 设计器设计的列宽 > 默认列宽',''),('1735484878059294722','1735484877526618113',0,'','当单据有单据体时,列表如果开启了[单头显示],列表单据体的字段会被折叠起来',''),('1735484878059294723','1735484877526618113',1,'','已选合计字段支持选择币别,单价,数量,金额字段',''),('1735484878059294724','1735484877526618113',0,'','用户可在列表控制可以设置字段的对齐方式,隐藏性,列顺序等,该设置是按用户隔离的,不会影响其他用户的列表设置',''),('1735484996019900417','1735484995483029506',1,'','正确',''),('1735484996019900418','1735484995483029506',0,'','错误',''),('1735485542151835650','1735485541757571074',0,'','afterCreateNewData',''),('1735485542151835651','1735485541757571074',0,'','afterBingData',''),('1735485542151835652','1735485541757571074',1,'','afterLoadData',''),('1735485542151835653','1735485541757571074',0,'','beforeClosed',''),('1735487493480468482','1735487493086203905',0,'','基于实体模型',''),('1735487493547577345','1735487493086203905',0,'','只能在WEB端进行模板编辑',''),('1735487493547577346','1735487493086203905',1,'','没有实体也可以设置套打模板',''),('1735487493547577347','1735487493086203905',0,'','支持插件定制',''),('1735488984253550594','1735488983792177153',1,'','全局方案',''),('1735488984253550595','1735488983792177153',1,'','个性方案',''),('1735488984253550596','1735488983792177153',1,'','共享方案',''),('1735489155653783554','1735489155188215810',0,'','beforeShowBill',''),('1735489155653783555','1735489155188215810',0,'','beforeClosed',''),('1735489155653783556','1735489155188215810',0,'','closedCallBack',''),('1735489155653783557','1735489155188215810',1,'','billClosedCallBack',''),('1735494323782897665','1735494323329912833',0,'','界面关闭时就会触发closedCallBack事件',''),('1735494323782897666','1735494323329912833',0,'','closedCallBack事件的父页面可以接受子页面传过来的数据',''),('1735494323782897667','1735494323329912833',1,'','closedCallBack和confirmCallBack都需要设置回调参数/属性',''),('1735494323782897668','1735494323329912833',0,'','confirmCallBack需要用户确认交互信息后触发',''),('1735494478296862721','1735494477831294978',0,'','界面规则可以在单据头设置',''),('1735494478296862722','1735494477831294978',0,'','业务规则支持在单据头和单据体分开配置',''),('1735494478296862723','1735494477831294978',0,'','业务规则条件不成立时可不设置服务',''),('1735494478296862724','1735494477831294978',1,'','界面规则不可以在单据体配置',''),('1735495045324820482','1735495044863447042',0,'','把问题的前因后果说清楚',''),('1735495045324820483','1735495044863447042',0,'','把问题出现时的详细日志附上',''),('1735495045324820484','1735495044863447042',0,'','提供初步判断，以防重走已排查过的问题点',''),('1735495045324820485','1735495044863447042',1,'','只提供前端页面的文字提示信息',''),('1735495272622542849','1735495272161169410',0,'','单据没有设置主业务组织的情况下，则校验用户当前置陆组织是否在受控组织里',''),('1735495272622542850','1735495272161169410',0,'','编码规则可以根据单据属性设置适用条件',''),('1735495272622542851','1735495272161169410',0,'','编码规则可以根据单据属性设置适用条件',''),('1735495272622542852','1735495272161169410',1,'','单据没有设置主业务组织的情况下，不能使用设置了受控组织的编码规则',''),('1735495500268392450','1735495499874127874',0,'','getSelectedRows',''),('1735495500268392451','1735495499874127874',1,'','getCurrentSelectedRowInfo',''),('1735495500268392452','1735495499874127874',0,'','getFocusRowPkld',''),('1735495500268392453','1735495499874127874',0,'','getFocusRow',''),('1735495719475302401','1735495718351228929',0,'','默认方案',''),('1735495719475302402','1735495718351228929',1,'','个性方案',''),('1735495719475302403','1735495718351228929',0,'','共享方案',''),('1735599980771102722','1735599980175511554',0,'','Selcte',''),('1735599980771102723','1735599980175511554',0,'','Get',''),('1735599980771102724','1735599980175511554',1,'','Select',''),('1735599980771102725','1735599980175511554',0,'','Sel',''),('1735600273768402945','1735600273307029505',0,'','业务流程设计',''),('1735600273768402946','1735600273307029505',0,'','数据方案设计',''),('1735600273768402947','1735600273307029505',0,'','集成方案设计',''),('1735600273768402948','1735600273307029505',1,'','以上答案全是',''),('1735600534087880705','1735600533622312961',0,'','afterBindData',''),('1735600534087880706','1735600533622312961',1,'','afterCreateNewData',''),('1735600534087880707','1735600533622312961',0,'','preOpenForm',''),('1735600534087880708','1735600533622312961',0,'','afterLoadData',''),('1735600754653745153','1735600754251091969',0,'','可以作为验收的依据',''),('1735600754720854017','1735600754251091969',0,'','是客户企业末来业务跟管理软件的结合',''),('1735600754720854018','1735600754251091969',0,'','对客户企业未来业务的规划',''),('1735600754720854019','1735600754251091969',1,'','主要作用是签字咬款',''),('1735602314213412866','1735602313752039425',1,'','itemClick(ltemClickEvent)事件和click(EventObjec)事件可以通用',''),('1735602314213412867','1735602313752039425',0,'','itemClick(ltemClickEvent)事件主要适用场景是监听工具栏上元素项',''),('1735602314213412868','1735602313752039425',0,'','itemClick(ltemClickEvent)事件是通过kay判断点击的是哪个元素',''),('1735602314213412869','1735602313752039425',0,'','click(EventObject)事件主要适用场景是监听表单上的元素',''),('1735602457268539394','1735602456798777346',1,'','应用',''),('1735602457268539395','1735602456798777346',0,'','云',''),('1735602457268539396','1735602456798777346',0,'','表单',''),('1735602457268539397','1735602456798777346',0,'','组织',''),('1735603421614526466','1735603421148958722',1,'','根据条件控制单据列表单元格的颜色',''),('1735603421614526467','1735603421148958722',0,'','根据条件控制单据上某个字段的显示隐藏',''),('1735603421614526468','1735603421148958722',0,'','根据条件控制单据某个字段是否必录',''),('1735603421614526469','1735603421148958722',0,'','根据条件控制单据上某个字段的锁定性',''),('1735604635982974977','1735604635517407233',1,'','财务库',''),('1735604636045889537','1735604635517407233',0,'','系统库',''),('1735604636045889538','1735604635517407233',0,'','扩展开发库',''),('1735604636045889539','1735604635517407233',0,'','开发服务库',''),('1735604791830728706','1735604791369355265',0,'','afterOutputElement',''),('1735604791830728707','1735604791369355265',0,'','beforeOutputElement',''),('1735604791830728708','1735604791369355265',1,'','customPrintDataEntiies',''),('1735604791830728709','1735604791369355265',0,'','beforeLoadData',''),('1735604984722575361','1735604984194093058',1,'','BOS_v_4.0.012之后可以通过权限控制工具栏项的可见性',''),('1735604984722575362','1735604984194093058',1,'','可以插件取消按钮!工具栏项的点击',''),('1735604984722575363','1735604984194093058',0,'','按钮工具栏项必须绑定操作',''),('1735604984722575364','1735604984194093058',0,'','按钮/工具栏项注册addltemClickListeners监听之后一定会触发beforeltemClick事件',''),('1735605630871883778','1735605630410510337',1,'','禁止在大循环中记录日志信息',''),('1735605630871883779','1735605630410510337',0,'','输出日志一定要先判断当前记录日志级别是否开启',''),('1735605630871883780','1735605630410510337',1,'','除一些特殊工具外，所有程序日志必须使用kd.bos.logging.Log框架，不允许使用第三方日志框架',''),('1735605630871883781','1735605630410510337',1,'','除一些特殊工具外，所有程序日志必须使用kd.bos.logging.Log框架，不允许使用第三方日志框架,',''),('1735606498581106689','1735606498182647810',0,'','查询出来的DynamicObject可以直接保存回数据库',''),('1735606498644021250','1735606498182647810',1,'','查询出来的是平铺对象',''),('1735606498644021251','1735606498182647810',0,'','调用algo计算框架进行数据查询',''),('1735606498644021252','1735606498182647810',1,'','查询出来的数据不带关联属性中的引用属性',''),('1735607045199581185','1735607044792733697',1,'','控件如果需要存储数据，一般是把数据保存到其他字段或实体中',''),('1735607045199581186','1735607044792733697',0,'','单据体中不支持液加控件',''),('1735607045199581187','1735607044792733697',1,'','业务字段逻辑不能通过通用字段实现',''),('1735607045199581188','1735607044792733697',0,'','控件可以直接存储数据',''),('1735607415632121857','1735607415099445249',0,'','用此语句删除的数据有日志记录，可以恢复',''),('1735607415632121858','1735607415099445249',0,'','表数据越多，此语句执行越慢',''),('1735607415632121859','1735607415099445249',1,'','执行性能与表中的数据规模无关',''),('1735607415632121860','1735607415099445249',1,'','用此语句删除的数据无法恢复',''),('1736010974039199746','1736010973640740865',1,'','修改个性化方案不需要当前用户有\"系统云/系统管理/首页定制\'修改\"权限',''),('1736010974039199747','1736010973640740865',1,'','系统首页默认方案\"一旦变化，所有用户的门户都会变化',''),('1736010974039199748','1736010973640740865',1,'','可将^共享方案\"或\"个性化方案\"通过启用\"设为默认\"功能，而把它设置为当前用户的首页默认方案',''),('1736010974039199749','1736010973640740865',1,'','可将“共享方案\"另存为个性化方案',''),('1736011269917986818','1736011269523722242',1,'','校验码',''),('1736011269917986819','1736011269523722242',1,'','流水号',''),('1736011269917986820','1736011269523722242',1,'','系统日期',''),('1736011269917986821','1736011269523722242',1,'','常量',''),('1736011499975561217','1736011499572908034',1,'','一对一',''),('1736011499975561218','1736011499572908034',0,'','一对多',''),('1736011499975561219','1736011499572908034',1,'','多对一',''),('1736011499975561220','1736011499572908034',1,'','按规则分组合并',''),('1736012602905546753','1736012602448367617',0,'','关于字段【隐藏】属性和【可见性】属性的说法正确的是',''),('1736012602905546754','1736012602448367617',1,'','设置为不可见字段可以通过代码设置为可见',''),('1736012602905546755','1736012602448367617',0,'','设置为不可见的字段不可以赋值',''),('1736012602905546756','1736012602448367617',1,'','设置为隐藏的字段可以通过配置字段可见性设置为可见',''),('1736013087498653698','1736013087037280257',1,'','流程管理员分组织管理流程，并且可以包含下级，不同的管理员管理不同的组织',''),('1736013087498653699','1736013087037280257',1,'','流程管理员可以收到异常流程消息通知',''),('1736013087561568257','1736013087037280257',1,'','设置某人为流程管理员之后，当前人会具有工作流服务的所有权限',''),('1736013087561568258','1736013087037280257',0,'','流程管理员只能跳转流程，不能终止流程',''),('1736013344760483842','1736013344362024961',1,'','组合字段唯一性校验',''),('1736013344760483843','1736013344362024961',0,'','单据是否配置过流程桧验',''),('1736013344760483844','1736013344362024961',1,'','字段值合规性校验',''),('1736013344760483845','1736013344362024961',1,'','组合字段唯一性校验',''),('1736013833652752385','1736013833187184642',1,'','按投票比例',''),('1736013833652752386','1736013833187184642',1,'','一票否决',''),('1736013833652752387','1736013833187184642',1,'','全部投票',''),('1736013833652752388','1736013833187184642',1,'','按通过比例',''),('1736014063592886274','1736014063190233089',1,'','正确',''),('1736014063592886275','1736014063190233089',0,'','错误',''),('1736014141124595713','1736014140730331138',1,'','正确',''),('1736014141124595714','1736014140730331138',0,'','错误',''),('1736014234649186306','1736014234250727426',0,'','正确',''),('1736014234649186307','1736014234250727426',1,'','错误',''),('1736014346356084737','1736014345961820162',1,'','正确',''),('1736014346356084738','1736014345961820162',0,'','错误',''),('1736014443382919170','1736014443051569154',1,'','正确',''),('1736014443382919171','1736014443051569154',0,'','错误',''),('1736014536425164802','1736014536030900226',1,'','正确',''),('1736014536425164803','1736014536030900226',0,'','错误',''),('1736014620978139138','1736014620571291650',1,'','正确',''),('1736014620978139139','1736014620571291650',0,'','错误',''),('1736014694340710401','1736014693946445826',1,'','正确',''),('1736014694340710402','1736014693946445826',0,'','错误',''),('1736014761982251009','1736014761655095297',1,'','正确',''),('1736014761982251010','1736014761655095297',0,'','错误',''),('1736014838821900290','1736014838427635714',0,'','正确',''),('1736014838821900291','1736014838427635714',1,'','错误',''),('1736014958481199105','1736014958145654786',1,'','正确',''),('1736014958481199106','1736014958145654786',0,'','错误',''),('1736015110814126081','1736015110482776065',0,'','正确',''),('1736015110814126082','1736015110482776065',1,'','错误',''),('1736015525261692929','1736015524808708097',1,'','正确',''),('1736015525261692930','1736015524808708097',0,'','错误',''),('1736015588939616257','1736015588461465601',1,'','正确',''),('1736015588939616258','1736015588461465601',0,'','错误',''),('1736015712826773506','1736015712298291202',1,'','正确',''),('1736015712826773507','1736015712298291202',0,'','错误',''),('1736015833169743873','1736015832767090689',1,'','正确',''),('1736015833169743874','1736015832767090689',0,'','错误',''),('1736016745472806914','1736016744881410049',0,'','-1',''),('1736016745472806915','1736016744881410049',1,'','0',''),('1736016745472806916','1736016744881410049',0,'','1',''),('1736016745472806917','1736016744881410049',0,'','无需设置',''),('1736016965371777026','1736016964906209281',0,'','启用工作流',''),('1736016965371777027','1736016964906209281',1,'','支持轻分析',''),('1736016965371777028','1736016964906209281',0,'','启用单据类型',''),('1736016965371777029','1736016964906209281',0,'','启用单据参数',''),('1736017135488552961','1736017135085899778',0,'','审批',''),('1736017135488552962','1736017135085899778',0,'','边界事件',''),('1736017135488552963','1736017135085899778',0,'','影像上传',''),('1736017135488552964','1736017135085899778',1,'','以上都是',''),('1736017422437666818','1736017422047596545',0,'','反写规则中可以配置反写公式，下列关于反写公式说法错误的是',''),('1736017422437666819','1736017422047596545',0,'','反写公式配置的字段必须是下游目标单的数字类型字段',''),('1736017422437666820','1736017422047596545',1,'','在一个反写规则中，每条反写方式只能是累加、覆盖、扣减中的一个',''),('1736017422437666821','1736017422047596545',0,'','反写的上游源单字段必须是数字类型的字段',''),('1736017674850881537','1736017674389508097',0,'','系统云-配置工具-API服务',''),('1736017674850881538','1736017674389508097',0,'','系统云-基础服务-API服务',''),('1736017674850881539','1736017674389508097',0,'','开发服务云-开发平台-API服务',''),('1736017674850881540','1736017674389508097',1,'','开发服务云-开放平台-API服务',''),('1736017948046872577','1736017947577110529',0,'','bos_listf7',''),('1736017948046872578','1736017947577110529',0,'','bos_moblist',''),('1736017948046872579','1736017947577110529',0,'','无继承页面',''),('1736017948046872580','1736017947577110529',1,'',' bos_list',''),('1736018151546114049','1736018151080546306',1,'','②①③④',''),('1736018151546114050','1736018151080546306',0,'','①②③④',''),('1736018151546114051','1736018151080546306',0,'','③②①④',''),('1736018151546114052','1736018151080546306',0,'','②③①④',''),('1736018405234397185','1736018404831744001',0,'','系统云--配置工具--消息平台',''),('1736018405234397186','1736018404831744001',0,'','系统云--系统管理--消息平台',''),('1736018405234397187','1736018404831744001',0,'','流程服务云--工作流服务--消息平台',''),('1736018405234397188','1736018404831744001',1,'','流程服务云--消息中心--消息平台',''),('1736018782528819201','1736018781731901442',1,'','AbstractBusinessFlowServicePlugIn',''),('1736018782528819202','1736018781731901442',0,'','AbstractConvertPlugIn',''),('1736018782528819203','1736018781731901442',0,'','SysReportBaseService',''),('1736018782528819204','1736018781731901442',0,'','AbstractOperationServicePlugIn',''),('1736018975529717762','1736018975064150018',0,'','支持考核关系自定义',''),('1736018975529717763','1736018975064150018',1,'','支持绩效结果正态分布',''),('1736018975529717764','1736018975064150018',0,'','支持按考核指标设置评分人',''),('1736018975529717765','1736018975064150018',0,'','支持按考核规则定义的区域配置评分流程',''),('1736023410859397121','1736023410469326849',0,'','资金流通',''),('1736023410859397122','1736023410469326849',1,'','信息流通',''),('1736023410859397123','1736023410469326849',0,'','商业流通',''),('1736023410859397124','1736023410469326849',0,'','货品流通',''),('1736023649385271297','1736023648999395330',0,'','当前租户',''),('1736023649385271298','1736023648999395330',0,'','当前用户所在的行政组织 ',''),('1736023649385271299','1736023648999395330',0,'','当前用户所在的业务单元',''),('1736023649385271300','1736023648999395330',1,'','共享方案分配的首页方案用户组',''),('1736024614968578050','1736024614435901441',0,'','单据转换过程中支持插件干预',''),('1736024615031492610','1736024614435901441',0,'','单据审核时执行了反写规则，反审核则会取消反写',''),('1736024615031492611','1736024614435901441',0,'','如果上下游单据均有多个分录体，且都参与转换，这时如果有多个分录参与反写，此项功能可以通过配置转换路线和反写规则实现',''),('1736024615031492612','1736024614435901441',1,'','如果源单据的单据头、分录都要被反写，那么在关联实体中需要选择的实体是分录体','');


DROP TABLE IF EXISTS `tk_qu_repo`;
CREATE TABLE `tk_qu_repo` (
  `id` varchar(64) CHARACTER SET utf8mb4 COLLATE utf8mb4_general_ci NOT NULL,
  `qu_id` varchar(64) CHARACTER SET utf8mb4 COLLATE utf8mb4_general_ci NOT NULL COMMENT '试题',
  `repo_id` varchar(64) CHARACTER SET utf8mb4 COLLATE utf8mb4_general_ci NOT NULL COMMENT '归属题库',
  `qu_type` int NOT NULL DEFAULT '0' COMMENT '题目类型',
  `sort` int NOT NULL DEFAULT '0' COMMENT '排序',
  PRIMARY KEY (`id`) USING BTREE,
  KEY `qu_id` (`qu_id`) USING BTREE,
  KEY `repo_id` (`repo_id`) USING BTREE
) ENGINE=InnoDB DEFAULT CHARSET=utf8mb4 COLLATE=utf8mb4_general_ci COMMENT='试题题库关联';
insert  into `tk_qu_repo`(`id`,`qu_id`,`repo_id`,`qu_type`,`sort`) values ('1735269534698917889','1735269533222522881','1735268449095602177',1,1),('1735270138288623617','1735270136799645698','1735268449095602177',1,2),('1735270343893405698','1735270342681251842','1735268449095602177',1,3),('1735270602228977665','1735270600760971265','1735268449095602177',1,4),('1735273227687120897','1735273226172977154','1735268449095602177',1,5),('1735273648652636162','1735273647176241154','1735268449095602177',1,6),('1735273932200169473','1735273930736357378','1735268449095602177',1,7),('1735274577913270274','1735274576441069570','1735268449095602177',1,8),('1735274900677545985','1735274899272454146','1735268449095602177',1,9),('1735275121138552834','1735275119733460994','1735268449095602177',1,10),('1735275576702881794','1735275575448784897','1735268449095602177',1,11),('1735275796450856961','1735275794924130306','1735268449095602177',1,12),('1735276032489508865','1735276031021502465','1735268449095602177',1,13),('1735276240422129665','1735276238899597313','1735268449095602177',1,14),('1735276593892904961','1735276592617836546','1735268449095602177',1,15),('1735276781629952002','1735276780166139906','1735268449095602177',1,16),('1735277011326816257','1735277009867198465','1735268449095602177',1,17),('1735277295822262273','1735277294350061569','1735268449095602177',1,18),('1735277572881207298','1735277571228651522','1735268449095602177',1,19),('1735277949894610945','1735277948447576065','1735268449095602177',1,20),('1735278277700440065','1735278276169519105','1735268449095602177',1,21),('1735279370853502978','1735279369322582017','1735268449095602177',1,22),('1735279616811683841','1735279615213654018','1735268449095602177',1,23),('1735280120933470209','1735280119662596097','1735268449095602177',1,24),('1735280595493801986','1735280594021601282','1735268449095602177',1,25),('1735280779636330497','1735280778256404481','1735268449095602177',1,26),('1735281517527650306','1735281516126752769','1735268449095602177',1,27),('1735281704920764417','1735281703322734593','1735268449095602177',1,28),('1735282007372025857','1735282005757218817','1735268449095602177',1,29),('1735282283961208834','1735282282623225858','1735268449095602177',2,30),('1735282492124516353','1735282490723618817','1735268449095602177',2,31),('1735282697033043970','1735282695556648962','1735268449095602177',2,32),('1735282942894755841','1735282941514829825','1735268449095602177',2,33),('1735283136696766466','1735283135312646146','1735268449095602177',2,34),('1735283538037133313','1735283536577515521','1735268449095602177',2,35),('1735283746456293378','1735283745067978754','1735268449095602177',2,36),('1735472899416477697','1735472898153992193','1735268449095602177',2,37),('1735473112252239874','1735473110918451201','1735268449095602177',2,38),('1735473317190127618','1735473315839561730','1735268449095602177',2,39),('1735473530181079042','1735473528784375810','1735268449095602177',2,40),('1735473763577319426','1735473762189004802','1735268449095602177',2,41),('1735473968146108418','1735473966673907713','1735268449095602177',2,42),('1735474154708750338','1735474153299464194','1735268449095602177',2,43),('1735474438751211522','1735474437711024130','1735268449095602177',3,44),('1735474552936943618','1735474551808675842','1735268449095602177',3,45),('1735481225533542401','1735481224401080322','1735268449095602177',3,46),('1735481362766974977','1735481361697427458','1735268449095602177',3,47),('1735481441787662337','1735481440722309121','1735268449095602177',3,48),('1735481538432815106','1735481537367461890','1735268449095602177',3,49),('1735481798492246018','1735481797435281409','1735268449095602177',3,50),('1735481917388181505','1735481916268302338','1735268449095602177',3,51),('1735481987638579201','1735481986573225986','1735268449095602177',3,52),('1735482061785485314','1735482060653023233','1735268449095602177',3,53),('1735482136276324353','1735482131901665281','1735268449095602177',3,54),('1735482552359669761','1735482549952139265','1735268449095602177',3,55),('1735482619007160322','1735482617954390017','1735268449095602177',3,56),('1735482690444546050','1735482688406114306','1735268449095602177',3,57),('1735482797994889218','1735482796946313217','1735268449095602177',3,58),('1735483514151325697','1735483513148887041','1735268449095602177',3,59),('1735483585437716482','1735483584384946178','1735268449095602177',3,60),('1735483669416071170','1735483668405243906','1735268449095602177',3,61),('1735483741105115138','1735483740035567618','1735268449095602177',3,62),('1735483815482707969','1735483814408966146','1735268449095602177',3,63),('1735484292387655681','1735484291116781570','1735268449095602177',1,64),('1735484511355490306','1735484509669380097','1735268449095602177',2,65),('1735484632197582850','1735484631144812546','1735268449095602177',3,66),('1735484701713977346','1735484700384382977','1735268449095602177',3,67),('1735484879250477057','1735484877526618113','1735268449095602177',1,68),('1735484996816818177','1735484995483029506','1735268449095602177',3,69),('1735485542940364801','1735485541757571074','1735268449095602177',1,70),('1735487494545821698','1735487493086203905','1735268449095602177',1,71),('1735488985037885441','1735488983792177153','1735268449095602177',2,72),('1735489156601696257','1735489155188215810','1735268449095602177',1,73),('1735494324697255937','1735494323329912833','1735268449095602177',1,74),('1735494479358021633','1735494477831294978','1735268449095602177',1,75),('1735495046310481921','1735495044863447042','1735268449095602177',1,76),('1735495273671118849','1735495272161169410','1735268449095602177',1,77),('1735495501191139330','1735495499874127874','1735268449095602177',1,78),('1735495720523878401','1735495718351228929','1735268449095602177',1,79),('1735599981769347074','1735599980175511554','1735268449095602177',1,80),('1735600274892476418','1735600273307029505','1735268449095602177',1,81),('1735600535019016194','1735600533622312961','1735268449095602177',1,82),('1735600755580686338','1735600754251091969','1735268449095602177',1,83),('1735602315127771137','1735602313752039425','1735268449095602177',1,84),('1735602458119983106','1735602456798777346','1735268449095602177',1,85),('1735603422608576514','1735603421148958722','1735268449095602177',1,86),('1735604637035745282','1735604635517407233','1735268449095602177',1,87),('1735604792623452161','1735604791369355265','1735268449095602177',1,88),('1735604985792122881','1735604984194093058','1735268449095602177',2,89),('1735605631920459777','1735605630410510337','1735268449095602177',2,90),('1735606499499659266','1735606498182647810','1735268449095602177',2,91),('1735607046122328066','1735607044792733697','1735268449095602177',2,92),('1735607416768778241','1735607415099445249','1735268449095602177',2,93),('1736010974819340290','1736010973640740865','1735268449095602177',2,94),('1736011270714904578','1736011269523722242','1735268449095602177',2,95),('1736011500780867585','1736011499572908034','1735268449095602177',2,96),('1736012603685687297','1736012602448367617','1735268449095602177',2,97),('1736013088421400577','1736013087037280257','1735268449095602177',2,98),('1736013345691619330','1736013344362024961','1735268449095602177',2,99),('1736013834504196098','1736013833187184642','1735268449095602177',2,100),('1736014064117174274','1736014063190233089','1735268449095602177',3,101),('1736014141661466625','1736014140730331138','1735268449095602177',3,102),('1736014235253166082','1736014234250727426','1735268449095602177',3,103),('1736014346892955650','1736014345961820162','1735268449095602177',3,104),('1736014443978510338','1736014443051569154','1735268449095602177',3,105),('1736014536962035713','1736014536030900226','1735268449095602177',3,106),('1736014621565341697','1736014620571291650','1735268449095602177',3,107),('1736014694927912961','1736014693946445826','1735268449095602177',3,108),('1736014762586230786','1736014761655095297','1735268449095602177',3,109),('1736014839358771201','1736014838427635714','1735268449095602177',3,110),('1736014959076790274','1736014958145654786','1735268449095602177',3,111),('1736015111418105858','1736015110482776065','1735268449095602177',3,112),('1736015525848895489','1736015524808708097','1735268449095602177',3,113),('1736015589656842241','1736015588461465601','1735268449095602177',3,114),('1736015713543999490','1736015712298291202','1735268449095602177',3,115),('1736015833895358466','1736015832767090689','1735268449095602177',3,116),('1736016746840150018','1736016744881410049','1735268449095602177',1,117),('1736016966302912513','1736016964906209281','1735268449095602177',1,118),('1736017136478408705','1736017135085899778','1735268449095602177',1,119),('1736017423368802306','1736017422047596545','1735268449095602177',1,120),('1736017675782017025','1736017674389508097','1735268449095602177',1,121),('1736017948965425153','1736017947577110529','1735268449095602177',1,122),('1736018152628244481','1736018151080546306','1735268449095602177',1,123),('1736018406098423810','1736018404831744001','1735268449095602177',1,124),('1736018783518674945','1736018781731901442','1735268449095602177',1,125),('1736018976590876673','1736018975064150018','1735268449095602177',1,126),('1736019802038292481','1735273409740886018','1735268449095602177',1,127),('1736023411643731970','1736023410469326849','1735268449095602177',1,128),('1736023650228326402','1736023648999395330','1735268449095602177',1,129),('1736024615824216065','1736024614435901441','1735268449095602177',1,130);


DROP TABLE IF EXISTS `tk_repo`;
CREATE TABLE `tk_repo` (
  `id` varchar(64) CHARACTER SET utf8mb3 COLLATE utf8mb3_general_ci NOT NULL COMMENT '题库ID',
  `code` varchar(255) CHARACTER SET utf8mb3 COLLATE utf8mb3_general_ci NOT NULL DEFAULT '' COMMENT '题库编号',
  `title` varchar(255) CHARACTER SET utf8mb3 COLLATE utf8mb3_general_ci NOT NULL COMMENT '题库名称',
  `remark` varchar(255) CHARACTER SET utf8mb3 COLLATE utf8mb3_general_ci NOT NULL DEFAULT '' COMMENT '题库备注',
  `create_time` datetime DEFAULT NULL COMMENT '创建时间',
  `update_time` datetime DEFAULT NULL COMMENT '更新时间',
  PRIMARY KEY (`id`) USING BTREE
) ENGINE=InnoDB DEFAULT CHARSET=utf8mb4 COLLATE=utf8mb4_general_ci COMMENT='题库信息';
insert  into `tk_repo`(`id`,`code`,`title`,`remark`,`create_time`,`update_time`) values ('1735268449095602177','','金蝶初级认证试题','金蝶初级认证试题','2023-12-14 20:00:13','2023-12-14 20:00:13');


DROP TABLE IF EXISTS `tk_user_book`;
CREATE TABLE `tk_user_book` (
  `id` varchar(64) CHARACTER SET utf8mb4 COLLATE utf8mb4_general_ci NOT NULL COMMENT 'ID',
  `exam_id` varchar(32) CHARACTER SET utf8mb4 COLLATE utf8mb4_general_ci NOT NULL COMMENT '考试ID',
  `user_id` varchar(64) CHARACTER SET utf8mb4 COLLATE utf8mb4_general_ci NOT NULL COMMENT '用户ID',
  `qu_id` varchar(64) CHARACTER SET utf8mb4 COLLATE utf8mb4_general_ci NOT NULL COMMENT '题目ID',
  `create_time` datetime DEFAULT NULL COMMENT '加入时间',
  `update_time` datetime DEFAULT NULL COMMENT '最近错误时间',
  `wrong_count` int NOT NULL COMMENT '错误时间',
  `title` varchar(1000) CHARACTER SET utf8mb4 COLLATE utf8mb4_general_ci NOT NULL COMMENT '题目标题',
  `sort` int NOT NULL COMMENT '错题序号',
  PRIMARY KEY (`id`) USING BTREE,
  KEY `user_id` (`user_id`),
  KEY `sort` (`sort`),
  KEY `exam_id` (`exam_id`)
) ENGINE=InnoDB DEFAULT CHARSET=utf8mb4 COLLATE=utf8mb4_general_ci COMMENT='错题本';
insert  into `tk_user_book`(`id`,`exam_id`,`user_id`,`qu_id`,`create_time`,`update_time`,`wrong_count`,`title`,`sort`) values ('1735272054179581954','1735271687257673730','10001','1735270136799645698','2023-12-14 20:14:32','2023-12-14 20:14:32',1,'关于基础资料控件说法不正确的是',1),('1735272054917779458','1735271687257673730','10001','1735271400753156098','2023-12-14 20:14:32','2023-12-14 20:14:32',1,'关于界面规则和业务规则描述，以下哪种说法不正确',2),('1735272055655976961','1735271687257673730','10001','1735269533222522881','2023-12-14 20:14:33','2023-12-14 20:14:33',1,'关于单据数据的fid说法正确的是？',3);


DROP TABLE IF EXISTS `tk_user_exam`;
CREATE TABLE `tk_user_exam` (
  `id` varchar(32) CHARACTER SET utf8mb4 COLLATE utf8mb4_general_ci NOT NULL,
  `user_id` varchar(32) CHARACTER SET utf8mb4 COLLATE utf8mb4_general_ci NOT NULL COMMENT '用户ID',
  `exam_id` varchar(32) CHARACTER SET utf8mb4 COLLATE utf8mb4_general_ci NOT NULL COMMENT '考试ID',
  `try_count` int NOT NULL DEFAULT '1' COMMENT '考试次数',
  `max_score` int NOT NULL DEFAULT '0' COMMENT '最高分数',
  `passed` tinyint NOT NULL DEFAULT '0' COMMENT '是否通过',
  `create_time` datetime DEFAULT NULL COMMENT '创建时间',
  `update_time` datetime DEFAULT NULL COMMENT '更新时间',
  PRIMARY KEY (`id`) USING BTREE,
  UNIQUE KEY `user_id` (`user_id`,`exam_id`) USING BTREE
) ENGINE=InnoDB DEFAULT CHARSET=utf8mb4 COLLATE=utf8mb4_general_ci COMMENT='考试记录';


